warning: Error disabling address space randomization: Operation not permitted
[Thread debugging using libthread_db enabled]
Using host libthread_db library "/lib/x86_64-linux-gnu/libthread_db.so.1".
[New Thread 0x7c353fdff6c0 (LWP 20)]
[New Thread 0x7c353d3ff6c0 (LWP 21)]
[New Thread 0x7c353a9ff6c0 (LWP 22)]
[New Thread 0x7c3537fff6c0 (LWP 23)]
[New Thread 0x7c35377fe6c0 (LWP 24)]
[New Thread 0x7c3532dff6c0 (LWP 25)]
[New Thread 0x7c35325fe6c0 (LWP 26)]
[New Thread 0x7c352dbff6c0 (LWP 27)]
[New Thread 0x7c352d3fe6c0 (LWP 28)]
[New Thread 0x7c352a9ff6c0 (LWP 29)]
[New Thread 0x7c3527fff6c0 (LWP 30)]
[New Thread 0x7c35255ff6c0 (LWP 31)]
[New Thread 0x7c3520bff6c0 (LWP 32)]
[New Thread 0x7c351e1ff6c0 (LWP 33)]
[New Thread 0x7c351b7ff6c0 (LWP 34)]
[New Thread 0x7c3518dff6c0 (LWP 35)]
[New Thread 0x7c35185fe6c0 (LWP 36)]
[New Thread 0x7c3515bff6c0 (LWP 37)]
[New Thread 0x7c35111ff6c0 (LWP 38)]
[Detaching after vfork from child process 39]
[New Thread 0x7c34a09ff6c0 (LWP 40)]
[New Thread 0x7c34a01fe6c0 (LWP 41)]
[New Thread 0x7c349f9fd6c0 (LWP 42)]
[New Thread 0x7c349f1fc6c0 (LWP 43)]
[New Thread 0x7c349e9fb6c0 (LWP 44)]
[New Thread 0x7c349e1fa6c0 (LWP 45)]
[New Thread 0x7c349d9f96c0 (LWP 46)]
[New Thread 0x7c349d1f86c0 (LWP 47)]
[New Thread 0x7c349c9f76c0 (LWP 48)]
[New Thread 0x7c349c1f66c0 (LWP 49)]
[New Thread 0x7c349b9f56c0 (LWP 50)]
[New Thread 0x7c349b1f46c0 (LWP 51)]
[New Thread 0x7c349a9f36c0 (LWP 52)]
[New Thread 0x7c349a1f26c0 (LWP 53)]
[New Thread 0x7c34999f16c0 (LWP 54)]
[New Thread 0x7c34991f06c0 (LWP 55)]
[New Thread 0x7c34989ef6c0 (LWP 56)]
[New Thread 0x7c34981ee6c0 (LWP 57)]
[New Thread 0x7c34979ed6c0 (LWP 58)]
[New Thread 0x7c347dfff6c0 (LWP 59)]
[New Thread 0x7c34599866c0 (LWP 60)]
[New Thread 0x7c34591856c0 (LWP 61)]
[New Thread 0x7c34507ff6c0 (LWP 62)]
[New Thread 0x7c3447dff6c0 (LWP 63)]
[New Thread 0x7c343f3ff6c0 (LWP 64)]
[New Thread 0x7c34369ff6c0 (LWP 65)]
[New Thread 0x7c342dfff6c0 (LWP 66)]
[New Thread 0x7c34255ff6c0 (LWP 67)]
[New Thread 0x7c341cbff6c0 (LWP 68)]
[New Thread 0x7c34141ff6c0 (LWP 69)]
[New Thread 0x7c340b7ff6c0 (LWP 70)]
[New Thread 0x7c3402dff6c0 (LWP 71)]
[New Thread 0x7c33f23ff6c0 (LWP 72)]
[New Thread 0x7c33f1bfe6c0 (LWP 73)]
[New Thread 0x7c33e91ff6c0 (LWP 74)]
[New Thread 0x7c33e07ff6c0 (LWP 75)]
[New Thread 0x7c33d7dff6c0 (LWP 76)]
[New Thread 0x7c33cf3ff6c0 (LWP 77)]
[New Thread 0x7c33c69ff6c0 (LWP 78)]
[New Thread 0x7c33b30386c0 (LWP 79)]
[New Thread 0x7c33b28376c0 (LWP 80)]
[New Thread 0x7c33b20366c0 (LWP 81)]
[New Thread 0x7c33b18356c0 (LWP 82)]
[New Thread 0x7c33b10346c0 (LWP 83)]
[New Thread 0x7c33b08336c0 (LWP 84)]
[New Thread 0x7c339bfff6c0 (LWP 85)]
[New Thread 0x7c339b7fe6c0 (LWP 86)]
[New Thread 0x7c339affd6c0 (LWP 87)]
[New Thread 0x7c339a7fc6c0 (LWP 88)]
[New Thread 0x7c3399ffb6c0 (LWP 89)]
[New Thread 0x7c33997fa6c0 (LWP 90)]
[New Thread 0x7c3398ff96c0 (LWP 91)]
[New Thread 0x7c337ffff6c0 (LWP 92)]
[New Thread 0x7c337f7fe6c0 (LWP 93)]
[New Thread 0x7c337effd6c0 (LWP 94)]
[New Thread 0x7c337e7fc6c0 (LWP 95)]
[New Thread 0x7c337dffb6c0 (LWP 96)]
[New Thread 0x7c337d7fa6c0 (LWP 97)]
[New Thread 0x7c337cff96c0 (LWP 98)]
[New Thread 0x7c335bfff6c0 (LWP 99)]
[New Thread 0x7c335b7fe6c0 (LWP 100)]
[New Thread 0x7c335affd6c0 (LWP 101)]
[New Thread 0x7c335a7fc6c0 (LWP 102)]
[New Thread 0x7c3359ffb6c0 (LWP 103)]
[New Thread 0x7c33597fa6c0 (LWP 104)]
[New Thread 0x7c3358ff96c0 (LWP 105)]
[New Thread 0x7c333ffff6c0 (LWP 106)]
[New Thread 0x7c333f7fe6c0 (LWP 107)]
[New Thread 0x7c333effd6c0 (LWP 108)]
[New Thread 0x7c333e7fc6c0 (LWP 109)]
[New Thread 0x7c333dffb6c0 (LWP 110)]
[New Thread 0x7c333d7fa6c0 (LWP 111)]
[New Thread 0x7c333cff96c0 (LWP 112)]
[New Thread 0x7c3313fff6c0 (LWP 113)]
[New Thread 0x7c33137fe6c0 (LWP 114)]
[New Thread 0x7c330adff6c0 (LWP 115)]
[New Thread 0x7c3312ffd6c0 (LWP 116)]
[New Thread 0x7c33127fc6c0 (LWP 117)]
[New Thread 0x7c3311ffb6c0 (LWP 118)]
[New Thread 0x7c33117fa6c0 (LWP 119)]
[Thread 0x7c33117fa6c0 (LWP 119) exited]
[New Thread 0x7c33117fa6c0 (LWP 120)]
[New Thread 0x7c33986f86c0 (LWP 121)]
[New Thread 0x7c337c7f86c0 (LWP 122)]
[New Thread 0x7c33587f86c0 (LWP 123)]
[New Thread 0x7c333c7f86c0 (LWP 124)]
[New Thread 0x7c3310ff96c0 (LWP 125)]
[New Thread 0x7c3310bf86c0 (LWP 126)]
[New Thread 0x7c33107f76c0 (LWP 127)]
[New Thread 0x7c330bfff6c0 (LWP 128)]
[New Thread 0x7c330bbfe6c0 (LWP 129)]
[New Thread 0x7c330b7fd6c0 (LWP 130)]
[New Thread 0x7c330b3fc6c0 (LWP 131)]
[New Thread 0x7c330a5fe6c0 (LWP 132)]
[New Thread 0x7c330a1fd6c0 (LWP 133)]
[New Thread 0x7c3309dfc6c0 (LWP 134)]
[New Thread 0x7c33099fb6c0 (LWP 135)]
[New Thread 0x7c33095fa6c0 (LWP 136)]
[New Thread 0x7c33091f96c0 (LWP 137)]
[New Thread 0x7c3308df86c0 (LWP 138)]
[New Thread 0x7c33089f76c0 (LWP 139)]
[New Thread 0x7c33085f66c0 (LWP 140)]
[New Thread 0x7c329e6446c0 (LWP 141)]
[New Thread 0x7c329de436c0 (LWP 142)]
[New Thread 0x7c329d6426c0 (LWP 143)]
[New Thread 0x7c329ce416c0 (LWP 144)]
[New Thread 0x7c328ffff6c0 (LWP 145)]
[New Thread 0x7c328f7fe6c0 (LWP 146)]
[New Thread 0x7c328effd6c0 (LWP 147)]
[New Thread 0x7c328e7fc6c0 (LWP 148)]
[New Thread 0x7c328dffb6c0 (LWP 149)]
[New Thread 0x7c328d7fa6c0 (LWP 150)]
[New Thread 0x7c328cff96c0 (LWP 151)]
[New Thread 0x7c326ffff6c0 (LWP 152)]
[New Thread 0x7c326f7fe6c0 (LWP 153)]
[New Thread 0x7c326effd6c0 (LWP 154)]
[New Thread 0x7c326e7fc6c0 (LWP 155)]
[Thread 0x7c326e7fc6c0 (LWP 155) exited]
[Thread 0x7c326effd6c0 (LWP 154) exited]
[Thread 0x7c326f7fe6c0 (LWP 153) exited]
[Thread 0x7c326ffff6c0 (LWP 152) exited]
[Thread 0x7c328cff96c0 (LWP 151) exited]
[Thread 0x7c328d7fa6c0 (LWP 150) exited]
[Thread 0x7c328dffb6c0 (LWP 149) exited]
[Thread 0x7c328e7fc6c0 (LWP 148) exited]
[Thread 0x7c328effd6c0 (LWP 147) exited]
[Thread 0x7c328f7fe6c0 (LWP 146) exited]
[Thread 0x7c328ffff6c0 (LWP 145) exited]
[Thread 0x7c329ce416c0 (LWP 144) exited]
[Thread 0x7c329d6426c0 (LWP 143) exited]
[Thread 0x7c329de436c0 (LWP 142) exited]
[Thread 0x7c329e6446c0 (LWP 141) exited]
[New Thread 0x7c326e7fc6c0 (LWP 156)]
[New Thread 0x7c326effd6c0 (LWP 157)]
[New Thread 0x7c326f7fe6c0 (LWP 158)]
[New Thread 0x7c326ffff6c0 (LWP 159)]
[New Thread 0x7c329dbb76c0 (LWP 160)]
[New Thread 0x7c329d3b66c0 (LWP 161)]
[New Thread 0x7c329cbb56c0 (LWP 162)]
[New Thread 0x7c328ffff6c0 (LWP 163)]
[New Thread 0x7c328f7fe6c0 (LWP 164)]
[New Thread 0x7c328effd6c0 (LWP 165)]
[New Thread 0x7c328e7fc6c0 (LWP 166)]
[Thread 0x7c328e7fc6c0 (LWP 166) exited]
[Thread 0x7c328effd6c0 (LWP 165) exited]
[Thread 0x7c328f7fe6c0 (LWP 164) exited]
[Thread 0x7c328ffff6c0 (LWP 163) exited]
[Thread 0x7c329cbb56c0 (LWP 162) exited]
[Thread 0x7c329d3b66c0 (LWP 161) exited]
[Thread 0x7c329dbb76c0 (LWP 160) exited]
[Thread 0x7c326ffff6c0 (LWP 159) exited]
[Thread 0x7c326f7fe6c0 (LWP 158) exited]
[Thread 0x7c326effd6c0 (LWP 157) exited]
[Thread 0x7c326e7fc6c0 (LWP 156) exited]
[New Thread 0x7c328e7fc6c0 (LWP 167)]
[New Thread 0x7c328effd6c0 (LWP 168)]
[New Thread 0x7c328f7fe6c0 (LWP 169)]
[New Thread 0x7c328ffff6c0 (LWP 170)]
[New Thread 0x7c329dbb76c0 (LWP 171)]
[New Thread 0x7c329d3b66c0 (LWP 172)]
[New Thread 0x7c329cbb56c0 (LWP 173)]
[New Thread 0x7c328dffb6c0 (LWP 174)]
[New Thread 0x7c328d7fa6c0 (LWP 175)]
[New Thread 0x7c328cff96c0 (LWP 176)]
[Thread 0x7c329d3b66c0 (LWP 172) exited]
[Thread 0x7c328ffff6c0 (LWP 170) exited]
[Thread 0x7c328effd6c0 (LWP 168) exited]
[Thread 0x7c328cff96c0 (LWP 176) exited]
[Thread 0x7c328d7fa6c0 (LWP 175) exited]
[Thread 0x7c328dffb6c0 (LWP 174) exited]
[Thread 0x7c329cbb56c0 (LWP 173) exited]
[Thread 0x7c329dbb76c0 (LWP 171) exited]
[Thread 0x7c328f7fe6c0 (LWP 169) exited]
[Thread 0x7c328e7fc6c0 (LWP 167) exited]
[New Thread 0x7c328cff96c0 (LWP 177)]
[New Thread 0x7c328d7fa6c0 (LWP 178)]
[New Thread 0x7c328dffb6c0 (LWP 179)]
[New Thread 0x7c329cbb56c0 (LWP 180)]
[Thread 0x7c329cbb56c0 (LWP 180) exited]
[Thread 0x7c328dffb6c0 (LWP 179) exited]
[Thread 0x7c328d7fa6c0 (LWP 178) exited]
[Thread 0x7c328cff96c0 (LWP 177) exited]
[New Thread 0x7c329cbb56c0 (LWP 181)]
[New Thread 0x7c328dffb6c0 (LWP 182)]
[New Thread 0x7c328d7fa6c0 (LWP 183)]
[New Thread 0x7c328cff96c0 (LWP 184)]
[New Thread 0x7c329dbb76c0 (LWP 185)]
[New Thread 0x7c329d3b66c0 (LWP 186)]
[New Thread 0x7c328ffff6c0 (LWP 187)]
[New Thread 0x7c328f7fe6c0 (LWP 188)]
[New Thread 0x7c328effd6c0 (LWP 189)]
[New Thread 0x7c328e7fc6c0 (LWP 190)]
[New Thread 0x7c326ffff6c0 (LWP 191)]
[New Thread 0x7c326f7fe6c0 (LWP 192)]
[New Thread 0x7c326effd6c0 (LWP 193)]
[New Thread 0x7c326e7fc6c0 (LWP 194)]
[New Thread 0x7c326dffb6c0 (LWP 195)]
[New Thread 0x7c326d7fa6c0 (LWP 196)]
[Thread 0x7c326d7fa6c0 (LWP 196) exited]
[Thread 0x7c326dffb6c0 (LWP 195) exited]
[Thread 0x7c326e7fc6c0 (LWP 194) exited]
[Thread 0x7c326effd6c0 (LWP 193) exited]
[Thread 0x7c326f7fe6c0 (LWP 192) exited]
[Thread 0x7c326ffff6c0 (LWP 191) exited]
[Thread 0x7c328e7fc6c0 (LWP 190) exited]
[Thread 0x7c328effd6c0 (LWP 189) exited]
[Thread 0x7c328f7fe6c0 (LWP 188) exited]
[Thread 0x7c328ffff6c0 (LWP 187) exited]
[Thread 0x7c329d3b66c0 (LWP 186) exited]
[Thread 0x7c329dbb76c0 (LWP 185) exited]
[Thread 0x7c328cff96c0 (LWP 184) exited]
[Thread 0x7c328d7fa6c0 (LWP 183) exited]
[Thread 0x7c328dffb6c0 (LWP 182) exited]
[Thread 0x7c329cbb56c0 (LWP 181) exited]
[New Thread 0x7c326d7fa6c0 (LWP 197)]
[New Thread 0x7c326dffb6c0 (LWP 198)]
[New Thread 0x7c326e7fc6c0 (LWP 199)]
[New Thread 0x7c326effd6c0 (LWP 200)]
[New Thread 0x7c329dbb76c0 (LWP 201)]
[New Thread 0x7c329d3b66c0 (LWP 202)]
[New Thread 0x7c329cbb56c0 (LWP 203)]
[New Thread 0x7c328ffff6c0 (LWP 204)]
[New Thread 0x7c328f7fe6c0 (LWP 205)]
[New Thread 0x7c328effd6c0 (LWP 206)]
[New Thread 0x7c328e7fc6c0 (LWP 207)]
[Thread 0x7c329dbb76c0 (LWP 201) exited]
[Thread 0x7c328e7fc6c0 (LWP 207) exited]
[Thread 0x7c328effd6c0 (LWP 206) exited]
[Thread 0x7c328f7fe6c0 (LWP 205) exited]
[Thread 0x7c328ffff6c0 (LWP 204) exited]
[Thread 0x7c329cbb56c0 (LWP 203) exited]
[Thread 0x7c329d3b66c0 (LWP 202) exited]
[Thread 0x7c326effd6c0 (LWP 200) exited]
[Thread 0x7c326e7fc6c0 (LWP 199) exited]
[Thread 0x7c326dffb6c0 (LWP 198) exited]
[Thread 0x7c326d7fa6c0 (LWP 197) exited]
[New Thread 0x7c328e7fc6c0 (LWP 208)]
[New Thread 0x7c328effd6c0 (LWP 209)]
[New Thread 0x7c328f7fe6c0 (LWP 210)]
[New Thread 0x7c328ffff6c0 (LWP 211)]
[Thread 0x7c328ffff6c0 (LWP 211) exited]
[Thread 0x7c328f7fe6c0 (LWP 210) exited]
[Thread 0x7c328effd6c0 (LWP 209) exited]
[Thread 0x7c328e7fc6c0 (LWP 208) exited]
[New Thread 0x7c328ffff6c0 (LWP 212)]
[New Thread 0x7c328f7fe6c0 (LWP 213)]
[New Thread 0x7c328effd6c0 (LWP 214)]
[New Thread 0x7c328e7fc6c0 (LWP 215)]
[New Thread 0x7c329dbb76c0 (LWP 216)]
[New Thread 0x7c329d3b66c0 (LWP 217)]
[New Thread 0x7c329cbb56c0 (LWP 218)]
[New Thread 0x7c328dffb6c0 (LWP 219)]
[New Thread 0x7c328d7fa6c0 (LWP 220)]
[New Thread 0x7c328cff96c0 (LWP 221)]
[New Thread 0x7c326ffff6c0 (LWP 222)]
[New Thread 0x7c326f7fe6c0 (LWP 223)]
[New Thread 0x7c326effd6c0 (LWP 224)]
[New Thread 0x7c326e7fc6c0 (LWP 225)]
[New Thread 0x7c326dffb6c0 (LWP 226)]
[New Thread 0x7c326d7fa6c0 (LWP 227)]
[Thread 0x7c326f7fe6c0 (LWP 223) exited]
[Thread 0x7c326dffb6c0 (LWP 226) exited]
[Thread 0x7c326effd6c0 (LWP 224) exited]
[Thread 0x7c326ffff6c0 (LWP 222) exited]
[Thread 0x7c328cff96c0 (LWP 221) exited]
[Thread 0x7c329dbb76c0 (LWP 216) exited]
[Thread 0x7c326d7fa6c0 (LWP 227) exited]
[Thread 0x7c326e7fc6c0 (LWP 225) exited]
[Thread 0x7c328d7fa6c0 (LWP 220) exited]
[Thread 0x7c328dffb6c0 (LWP 219) exited]
[Thread 0x7c329cbb56c0 (LWP 218) exited]
[Thread 0x7c329d3b66c0 (LWP 217) exited]
[Thread 0x7c328e7fc6c0 (LWP 215) exited]
[Thread 0x7c328effd6c0 (LWP 214) exited]
[Thread 0x7c328f7fe6c0 (LWP 213) exited]
[Thread 0x7c328ffff6c0 (LWP 212) exited]
[New Thread 0x7c326d7fa6c0 (LWP 228)]
[New Thread 0x7c326dffb6c0 (LWP 229)]
[New Thread 0x7c326e7fc6c0 (LWP 230)]
[New Thread 0x7c326effd6c0 (LWP 231)]
[New Thread 0x7c329dbb76c0 (LWP 232)]
[New Thread 0x7c329d3b66c0 (LWP 233)]
[New Thread 0x7c329cbb56c0 (LWP 234)]
[New Thread 0x7c328ffff6c0 (LWP 235)]
[New Thread 0x7c328f7fe6c0 (LWP 236)]
[New Thread 0x7c328effd6c0 (LWP 237)]
[New Thread 0x7c328e7fc6c0 (LWP 238)]
[New Thread 0x7c328dffb6c0 (LWP 239)]
[New Thread 0x7c328d7fa6c0 (LWP 240)]
[New Thread 0x7c328cff96c0 (LWP 241)]
[New Thread 0x7c326ffff6c0 (LWP 242)]
[New Thread 0x7c326f7fe6c0 (LWP 243)]
[Thread 0x7c328d7fa6c0 (LWP 240) exited]
[Thread 0x7c326f7fe6c0 (LWP 243) exited]
[Thread 0x7c326ffff6c0 (LWP 242) exited]
[Thread 0x7c328cff96c0 (LWP 241) exited]
[Thread 0x7c328dffb6c0 (LWP 239) exited]
[Thread 0x7c328e7fc6c0 (LWP 238) exited]
[Thread 0x7c328effd6c0 (LWP 237) exited]
[Thread 0x7c328f7fe6c0 (LWP 236) exited]
[Thread 0x7c328ffff6c0 (LWP 235) exited]
[Thread 0x7c329cbb56c0 (LWP 234) exited]
[Thread 0x7c329d3b66c0 (LWP 233) exited]
[Thread 0x7c329dbb76c0 (LWP 232) exited]
[Thread 0x7c326effd6c0 (LWP 231) exited]
[Thread 0x7c326e7fc6c0 (LWP 230) exited]
[Thread 0x7c326dffb6c0 (LWP 229) exited]
[Thread 0x7c326d7fa6c0 (LWP 228) exited]
[New Thread 0x7c326f7fe6c0 (LWP 244)]
[New Thread 0x7c326ffff6c0 (LWP 245)]
[New Thread 0x7c328cff96c0 (LWP 246)]
[New Thread 0x7c328d7fa6c0 (LWP 247)]
[New Thread 0x7c329dbb76c0 (LWP 248)]
[New Thread 0x7c329d3b66c0 (LWP 249)]
[New Thread 0x7c329cbb56c0 (LWP 250)]
[New Thread 0x7c328ffff6c0 (LWP 251)]
[New Thread 0x7c328f7fe6c0 (LWP 252)]
[New Thread 0x7c328effd6c0 (LWP 253)]
[Thread 0x7c328effd6c0 (LWP 253) exited]
[Thread 0x7c328f7fe6c0 (LWP 252) exited]
[Thread 0x7c328ffff6c0 (LWP 251) exited]
[Thread 0x7c329cbb56c0 (LWP 250) exited]
[Thread 0x7c329d3b66c0 (LWP 249) exited]
[Thread 0x7c329dbb76c0 (LWP 248) exited]
[Thread 0x7c328d7fa6c0 (LWP 247) exited]
[Thread 0x7c328cff96c0 (LWP 246) exited]
[Thread 0x7c326ffff6c0 (LWP 245) exited]
[Thread 0x7c326f7fe6c0 (LWP 244) exited]
[New Thread 0x7c328effd6c0 (LWP 254)]
[New Thread 0x7c328f7fe6c0 (LWP 255)]
[New Thread 0x7c328ffff6c0 (LWP 256)]
[New Thread 0x7c329cbb56c0 (LWP 257)]
[Thread 0x7c329cbb56c0 (LWP 257) exited]
[Thread 0x7c328ffff6c0 (LWP 256) exited]
[Thread 0x7c328f7fe6c0 (LWP 255) exited]
[Thread 0x7c328effd6c0 (LWP 254) exited]
[New Thread 0x7c329cbb56c0 (LWP 258)]
[New Thread 0x7c328ffff6c0 (LWP 259)]
[New Thread 0x7c328f7fe6c0 (LWP 260)]
[New Thread 0x7c328effd6c0 (LWP 261)]
[New Thread 0x7c329dbb76c0 (LWP 262)]
[New Thread 0x7c329d3b66c0 (LWP 263)]
[New Thread 0x7c328e7fc6c0 (LWP 264)]
[New Thread 0x7c328dffb6c0 (LWP 265)]
[New Thread 0x7c328d7fa6c0 (LWP 266)]
[New Thread 0x7c328cff96c0 (LWP 267)]
[New Thread 0x7c326ffff6c0 (LWP 268)]
[New Thread 0x7c326f7fe6c0 (LWP 269)]
[New Thread 0x7c326effd6c0 (LWP 270)]
[New Thread 0x7c326e7fc6c0 (LWP 271)]
[New Thread 0x7c326dffb6c0 (LWP 272)]
[New Thread 0x7c326d7fa6c0 (LWP 273)]
[Thread 0x7c326f7fe6c0 (LWP 269) exited]
[Thread 0x7c326e7fc6c0 (LWP 271) exited]
[Thread 0x7c326effd6c0 (LWP 270) exited]
[Thread 0x7c326ffff6c0 (LWP 268) exited]
[Thread 0x7c328cff96c0 (LWP 267) exited]
[Thread 0x7c328d7fa6c0 (LWP 266) exited]
[Thread 0x7c328e7fc6c0 (LWP 264) exited]
[Thread 0x7c329d3b66c0 (LWP 263) exited]
[Thread 0x7c326d7fa6c0 (LWP 273) exited]
[Thread 0x7c326dffb6c0 (LWP 272) exited]
[Thread 0x7c328dffb6c0 (LWP 265) exited]
[Thread 0x7c329dbb76c0 (LWP 262) exited]
[Thread 0x7c328effd6c0 (LWP 261) exited]
[Thread 0x7c328f7fe6c0 (LWP 260) exited]
[Thread 0x7c328ffff6c0 (LWP 259) exited]
[Thread 0x7c329cbb56c0 (LWP 258) exited]
[New Thread 0x7c326d7fa6c0 (LWP 274)]
[New Thread 0x7c326dffb6c0 (LWP 275)]
[New Thread 0x7c326e7fc6c0 (LWP 276)]
[New Thread 0x7c326effd6c0 (LWP 277)]
[New Thread 0x7c329dbb76c0 (LWP 278)]
[New Thread 0x7c329d3b66c0 (LWP 279)]
[New Thread 0x7c329cbb56c0 (LWP 280)]
[New Thread 0x7c328ffff6c0 (LWP 281)]
[New Thread 0x7c328f7fe6c0 (LWP 282)]
[New Thread 0x7c328effd6c0 (LWP 283)]
[New Thread 0x7c328e7fc6c0 (LWP 284)]
[New Thread 0x7c328dffb6c0 (LWP 285)]
[New Thread 0x7c328d7fa6c0 (LWP 286)]
[New Thread 0x7c328cff96c0 (LWP 287)]
[New Thread 0x7c326ffff6c0 (LWP 288)]
[New Thread 0x7c326f7fe6c0 (LWP 289)]
[Thread 0x7c328e7fc6c0 (LWP 284) exited]
[Thread 0x7c328cff96c0 (LWP 287) exited]
[Thread 0x7c328d7fa6c0 (LWP 286) exited]
[Thread 0x7c326ffff6c0 (LWP 288) exited]
[Thread 0x7c328dffb6c0 (LWP 285) exited]
[Thread 0x7c328effd6c0 (LWP 283) exited]
[Thread 0x7c328f7fe6c0 (LWP 282) exited]
[Thread 0x7c329cbb56c0 (LWP 280) exited]
[Thread 0x7c326effd6c0 (LWP 277) exited]
[Thread 0x7c326f7fe6c0 (LWP 289) exited]
[Thread 0x7c328ffff6c0 (LWP 281) exited]
[Thread 0x7c329d3b66c0 (LWP 279) exited]
[Thread 0x7c329dbb76c0 (LWP 278) exited]
[Thread 0x7c326e7fc6c0 (LWP 276) exited]
[Thread 0x7c326dffb6c0 (LWP 275) exited]
[Thread 0x7c326d7fa6c0 (LWP 274) exited]
[New Thread 0x7c326f7fe6c0 (LWP 290)]
[New Thread 0x7c326ffff6c0 (LWP 291)]
[New Thread 0x7c328cff96c0 (LWP 292)]
[New Thread 0x7c328d7fa6c0 (LWP 293)]
[New Thread 0x7c329dbb76c0 (LWP 294)]
[New Thread 0x7c329d3b66c0 (LWP 295)]
[New Thread 0x7c329cbb56c0 (LWP 296)]
[New Thread 0x7c328ffff6c0 (LWP 297)]
[New Thread 0x7c328f7fe6c0 (LWP 298)]
[New Thread 0x7c328effd6c0 (LWP 299)]
[Thread 0x7c328ffff6c0 (LWP 297) exited]
[Thread 0x7c329d3b66c0 (LWP 295) exited]
[Thread 0x7c328cff96c0 (LWP 292) exited]
[Thread 0x7c326f7fe6c0 (LWP 290) exited]
[Thread 0x7c328effd6c0 (LWP 299) exited]
[Thread 0x7c328f7fe6c0 (LWP 298) exited]
[Thread 0x7c329cbb56c0 (LWP 296) exited]
[Thread 0x7c329dbb76c0 (LWP 294) exited]
[Thread 0x7c328d7fa6c0 (LWP 293) exited]
[Thread 0x7c326ffff6c0 (LWP 291) exited]
[New Thread 0x7c328effd6c0 (LWP 300)]
[New Thread 0x7c328f7fe6c0 (LWP 301)]
[New Thread 0x7c328ffff6c0 (LWP 302)]
[New Thread 0x7c329cbb56c0 (LWP 303)]
[Thread 0x7c329cbb56c0 (LWP 303) exited]
[Thread 0x7c328ffff6c0 (LWP 302) exited]
[Thread 0x7c328f7fe6c0 (LWP 301) exited]
[Thread 0x7c328effd6c0 (LWP 300) exited]
[New Thread 0x7c329cbb56c0 (LWP 304)]
[New Thread 0x7c328ffff6c0 (LWP 305)]
[New Thread 0x7c328f7fe6c0 (LWP 306)]
[New Thread 0x7c328effd6c0 (LWP 307)]
[New Thread 0x7c329dbb76c0 (LWP 308)]
[New Thread 0x7c329d3b66c0 (LWP 309)]
[New Thread 0x7c328e7fc6c0 (LWP 310)]
[New Thread 0x7c328dffb6c0 (LWP 311)]
[New Thread 0x7c328d7fa6c0 (LWP 312)]
[New Thread 0x7c328cff96c0 (LWP 313)]
[New Thread 0x7c326ffff6c0 (LWP 314)]
[New Thread 0x7c326f7fe6c0 (LWP 315)]
[New Thread 0x7c326effd6c0 (LWP 316)]
[New Thread 0x7c326e7fc6c0 (LWP 317)]
[New Thread 0x7c326dffb6c0 (LWP 318)]
[Thread 0x7c326dffb6c0 (LWP 318) exited]
[Thread 0x7c326e7fc6c0 (LWP 317) exited]
[Thread 0x7c326effd6c0 (LWP 316) exited]
[Thread 0x7c326f7fe6c0 (LWP 315) exited]
[Thread 0x7c326ffff6c0 (LWP 314) exited]
[Thread 0x7c328cff96c0 (LWP 313) exited]
[Thread 0x7c328d7fa6c0 (LWP 312) exited]
[Thread 0x7c328dffb6c0 (LWP 311) exited]
[Thread 0x7c328e7fc6c0 (LWP 310) exited]
[Thread 0x7c329d3b66c0 (LWP 309) exited]
[Thread 0x7c329dbb76c0 (LWP 308) exited]
[Thread 0x7c328effd6c0 (LWP 307) exited]
[Thread 0x7c328f7fe6c0 (LWP 306) exited]
[Thread 0x7c328ffff6c0 (LWP 305) exited]
[Thread 0x7c329cbb56c0 (LWP 304) exited]
[New Thread 0x7c326dffb6c0 (LWP 319)]
[New Thread 0x7c326e7fc6c0 (LWP 320)]
[New Thread 0x7c326effd6c0 (LWP 321)]
[New Thread 0x7c326f7fe6c0 (LWP 322)]
[New Thread 0x7c329dbb76c0 (LWP 323)]
[New Thread 0x7c329d3b66c0 (LWP 324)]
[New Thread 0x7c329cbb56c0 (LWP 325)]
[New Thread 0x7c328ffff6c0 (LWP 326)]
[New Thread 0x7c328f7fe6c0 (LWP 327)]
[New Thread 0x7c328effd6c0 (LWP 328)]
[New Thread 0x7c328e7fc6c0 (LWP 329)]
[Thread 0x7c328effd6c0 (LWP 328) exited]
[Thread 0x7c328e7fc6c0 (LWP 329) exited]
[Thread 0x7c328f7fe6c0 (LWP 327) exited]
[Thread 0x7c328ffff6c0 (LWP 326) exited]
[Thread 0x7c329cbb56c0 (LWP 325) exited]
[Thread 0x7c329d3b66c0 (LWP 324) exited]
[Thread 0x7c329dbb76c0 (LWP 323) exited]
[Thread 0x7c326f7fe6c0 (LWP 322) exited]
[Thread 0x7c326effd6c0 (LWP 321) exited]
[Thread 0x7c326e7fc6c0 (LWP 320) exited]
[Thread 0x7c326dffb6c0 (LWP 319) exited]
[New Thread 0x7c328e7fc6c0 (LWP 330)]
[New Thread 0x7c328effd6c0 (LWP 331)]
[New Thread 0x7c328f7fe6c0 (LWP 332)]
[New Thread 0x7c328ffff6c0 (LWP 333)]
[Thread 0x7c328ffff6c0 (LWP 333) exited]
[Thread 0x7c328effd6c0 (LWP 331) exited]
[Thread 0x7c328e7fc6c0 (LWP 330) exited]
[Thread 0x7c328f7fe6c0 (LWP 332) exited]
[New Thread 0x7c328ffff6c0 (LWP 334)]
[New Thread 0x7c328f7fe6c0 (LWP 335)]
[New Thread 0x7c328effd6c0 (LWP 336)]
[New Thread 0x7c328e7fc6c0 (LWP 337)]
[New Thread 0x7c329d9b76c0 (LWP 338)]
[New Thread 0x7c329d1b66c0 (LWP 339)]
[New Thread 0x7c329c9b56c0 (LWP 340)]
[New Thread 0x7c328dffb6c0 (LWP 341)]
[New Thread 0x7c328d7fa6c0 (LWP 342)]
[New Thread 0x7c328cff96c0 (LWP 343)]
[New Thread 0x7c326ffff6c0 (LWP 344)]
[New Thread 0x7c326f7fe6c0 (LWP 345)]
[New Thread 0x7c326effd6c0 (LWP 346)]
[New Thread 0x7c326e7fc6c0 (LWP 347)]
[New Thread 0x7c326dffb6c0 (LWP 348)]
[New Thread 0x7c326d7fa6c0 (LWP 349)]
[New Thread 0x7c326cff96c0 (LWP 350)]
[Thread 0x7c326f7fe6c0 (LWP 345) exited]
[Thread 0x7c326cff96c0 (LWP 350) exited]
[Thread 0x7c326d7fa6c0 (LWP 349) exited]
[Thread 0x7c326dffb6c0 (LWP 348) exited]
[Thread 0x7c326e7fc6c0 (LWP 347) exited]
[Thread 0x7c326effd6c0 (LWP 346) exited]
[Thread 0x7c326ffff6c0 (LWP 344) exited]
[Thread 0x7c328cff96c0 (LWP 343) exited]
[Thread 0x7c328d7fa6c0 (LWP 342) exited]
[Thread 0x7c328dffb6c0 (LWP 341) exited]
[Thread 0x7c329c9b56c0 (LWP 340) exited]
[Thread 0x7c329d9b76c0 (LWP 338) exited]
[Thread 0x7c328e7fc6c0 (LWP 337) exited]
[Thread 0x7c328effd6c0 (LWP 336) exited]
[Thread 0x7c328f7fe6c0 (LWP 335) exited]
[Thread 0x7c328ffff6c0 (LWP 334) exited]
[Thread 0x7c329d1b66c0 (LWP 339) exited]
[New Thread 0x7c326cff96c0 (LWP 351)]
[New Thread 0x7c326d7fa6c0 (LWP 352)]
[New Thread 0x7c326dffb6c0 (LWP 353)]
[New Thread 0x7c326e7fc6c0 (LWP 354)]
[New Thread 0x7c329d8b76c0 (LWP 355)]
[New Thread 0x7c329d0b66c0 (LWP 356)]
[New Thread 0x7c329c8b56c0 (LWP 357)]
[New Thread 0x7c328ffff6c0 (LWP 358)]
[New Thread 0x7c328f7fe6c0 (LWP 359)]
[New Thread 0x7c328effd6c0 (LWP 360)]
[New Thread 0x7c328e7fc6c0 (LWP 361)]
[Thread 0x7c328e7fc6c0 (LWP 361) exited]
[Thread 0x7c328effd6c0 (LWP 360) exited]
[Thread 0x7c328f7fe6c0 (LWP 359) exited]
[Thread 0x7c328ffff6c0 (LWP 358) exited]
[Thread 0x7c329c8b56c0 (LWP 357) exited]
[Thread 0x7c329d0b66c0 (LWP 356) exited]
[Thread 0x7c329d8b76c0 (LWP 355) exited]
[Thread 0x7c326e7fc6c0 (LWP 354) exited]
[Thread 0x7c326dffb6c0 (LWP 353) exited]
[Thread 0x7c326d7fa6c0 (LWP 352) exited]
[Thread 0x7c326cff96c0 (LWP 351) exited]
[New Thread 0x7c328e7fc6c0 (LWP 362)]
[New Thread 0x7c328effd6c0 (LWP 363)]
[New Thread 0x7c328f7fe6c0 (LWP 364)]
[New Thread 0x7c328ffff6c0 (LWP 365)]
[Thread 0x7c328ffff6c0 (LWP 365) exited]
[Thread 0x7c328f7fe6c0 (LWP 364) exited]
[Thread 0x7c328effd6c0 (LWP 363) exited]
[Thread 0x7c328e7fc6c0 (LWP 362) exited]
[New Thread 0x7c328ffff6c0 (LWP 366)]
[New Thread 0x7c328f7fe6c0 (LWP 367)]
[New Thread 0x7c328effd6c0 (LWP 368)]
[New Thread 0x7c328e7fc6c0 (LWP 369)]
[New Thread 0x7c329d8b76c0 (LWP 370)]
[New Thread 0x7c329d0b66c0 (LWP 371)]
[New Thread 0x7c329c8b56c0 (LWP 372)]
[New Thread 0x7c328dffb6c0 (LWP 373)]
[New Thread 0x7c328d7fa6c0 (LWP 374)]
[New Thread 0x7c328cff96c0 (LWP 375)]
[New Thread 0x7c326ffff6c0 (LWP 376)]
[New Thread 0x7c326f7fe6c0 (LWP 377)]
[New Thread 0x7c326effd6c0 (LWP 378)]
[New Thread 0x7c326e7fc6c0 (LWP 379)]
[New Thread 0x7c326dffb6c0 (LWP 380)]
[New Thread 0x7c326d7fa6c0 (LWP 381)]
[Thread 0x7c326effd6c0 (LWP 378) exited]
[Thread 0x7c326d7fa6c0 (LWP 381) exited]
[Thread 0x7c326dffb6c0 (LWP 380) exited]
[Thread 0x7c326e7fc6c0 (LWP 379) exited]
[Thread 0x7c326f7fe6c0 (LWP 377) exited]
[Thread 0x7c326ffff6c0 (LWP 376) exited]
[Thread 0x7c328cff96c0 (LWP 375) exited]
[Thread 0x7c328d7fa6c0 (LWP 374) exited]
[Thread 0x7c328dffb6c0 (LWP 373) exited]
[Thread 0x7c329c8b56c0 (LWP 372) exited]
[Thread 0x7c329d0b66c0 (LWP 371) exited]
[Thread 0x7c329d8b76c0 (LWP 370) exited]
[Thread 0x7c328e7fc6c0 (LWP 369) exited]
[Thread 0x7c328effd6c0 (LWP 368) exited]
[Thread 0x7c328f7fe6c0 (LWP 367) exited]
[Thread 0x7c328ffff6c0 (LWP 366) exited]
[New Thread 0x7c326d7fa6c0 (LWP 382)]
[New Thread 0x7c326dffb6c0 (LWP 383)]
[New Thread 0x7c326e7fc6c0 (LWP 384)]
[New Thread 0x7c326effd6c0 (LWP 385)]
[New Thread 0x7c329d8b76c0 (LWP 386)]
[New Thread 0x7c329d0b66c0 (LWP 387)]
[New Thread 0x7c329c8b56c0 (LWP 388)]
[New Thread 0x7c328ffff6c0 (LWP 389)]
[New Thread 0x7c328f7fe6c0 (LWP 390)]
[New Thread 0x7c328effd6c0 (LWP 391)]
[New Thread 0x7c328e7fc6c0 (LWP 392)]
[New Thread 0x7c328dffb6c0 (LWP 393)]
[New Thread 0x7c328d7fa6c0 (LWP 394)]
[New Thread 0x7c328cff96c0 (LWP 395)]
[New Thread 0x7c326ffff6c0 (LWP 396)]
[New Thread 0x7c326f7fe6c0 (LWP 397)]
[Thread 0x7c326f7fe6c0 (LWP 397) exited]
[Thread 0x7c326ffff6c0 (LWP 396) exited]
[Thread 0x7c328cff96c0 (LWP 395) exited]
[Thread 0x7c328d7fa6c0 (LWP 394) exited]
[Thread 0x7c328dffb6c0 (LWP 393) exited]
[Thread 0x7c328e7fc6c0 (LWP 392) exited]
[Thread 0x7c328effd6c0 (LWP 391) exited]
[Thread 0x7c328f7fe6c0 (LWP 390) exited]
[Thread 0x7c328ffff6c0 (LWP 389) exited]
[Thread 0x7c329c8b56c0 (LWP 388) exited]
[Thread 0x7c329d0b66c0 (LWP 387) exited]
[Thread 0x7c329d8b76c0 (LWP 386) exited]
[Thread 0x7c326effd6c0 (LWP 385) exited]
[Thread 0x7c326e7fc6c0 (LWP 384) exited]
[Thread 0x7c326dffb6c0 (LWP 383) exited]
[Thread 0x7c326d7fa6c0 (LWP 382) exited]
[New Thread 0x7c326f7fe6c0 (LWP 398)]
[New Thread 0x7c326ffff6c0 (LWP 399)]
[New Thread 0x7c328cff96c0 (LWP 400)]
[New Thread 0x7c328d7fa6c0 (LWP 401)]
[New Thread 0x7c329d8b76c0 (LWP 402)]
[New Thread 0x7c329d0b66c0 (LWP 403)]
[New Thread 0x7c329c8b56c0 (LWP 404)]
[New Thread 0x7c328ffff6c0 (LWP 405)]
[New Thread 0x7c328f7fe6c0 (LWP 406)]
[New Thread 0x7c328effd6c0 (LWP 407)]
[New Thread 0x7c328e7fc6c0 (LWP 408)]
[New Thread 0x7c328dffb6c0 (LWP 409)]
[New Thread 0x7c326effd6c0 (LWP 410)]
[New Thread 0x7c326e7fc6c0 (LWP 411)]
[New Thread 0x7c326dffb6c0 (LWP 412)]
[New Thread 0x7c326d7fa6c0 (LWP 413)]
[Thread 0x7c328dffb6c0 (LWP 409) exited]
[Thread 0x7c326d7fa6c0 (LWP 413) exited]
[Thread 0x7c326e7fc6c0 (LWP 411) exited]
[Thread 0x7c328ffff6c0 (LWP 405) exited]
[Thread 0x7c329d0b66c0 (LWP 403) exited]
[Thread 0x7c329d8b76c0 (LWP 402) exited]
[Thread 0x7c328d7fa6c0 (LWP 401) exited]
[Thread 0x7c326dffb6c0 (LWP 412) exited]
[Thread 0x7c326effd6c0 (LWP 410) exited]
[Thread 0x7c328e7fc6c0 (LWP 408) exited]
[Thread 0x7c328effd6c0 (LWP 407) exited]
[Thread 0x7c328f7fe6c0 (LWP 406) exited]
[Thread 0x7c329c8b56c0 (LWP 404) exited]
[Thread 0x7c328cff96c0 (LWP 400) exited]
[Thread 0x7c326ffff6c0 (LWP 399) exited]
[Thread 0x7c326f7fe6c0 (LWP 398) exited]
[New Thread 0x7c326d7fa6c0 (LWP 414)]
[New Thread 0x7c326dffb6c0 (LWP 415)]
[New Thread 0x7c326e7fc6c0 (LWP 416)]
[New Thread 0x7c326effd6c0 (LWP 417)]
[New Thread 0x7c329d6b76c0 (LWP 418)]
[New Thread 0x7c329ceb66c0 (LWP 419)]
[New Thread 0x7c328ffff6c0 (LWP 420)]
[New Thread 0x7c328f7fe6c0 (LWP 421)]
[New Thread 0x7c328effd6c0 (LWP 422)]
[New Thread 0x7c328e7fc6c0 (LWP 423)]
[New Thread 0x7c328dffb6c0 (LWP 424)]
[New Thread 0x7c328d7fa6c0 (LWP 425)]
[New Thread 0x7c328cff96c0 (LWP 426)]
[New Thread 0x7c326ffff6c0 (LWP 427)]
[New Thread 0x7c326f7fe6c0 (LWP 428)]
[New Thread 0x7c326cff96c0 (LWP 429)]
[New Thread 0x7c3257fff6c0 (LWP 430)]
[New Thread 0x7c32577fe6c0 (LWP 431)]
[Thread 0x7c326e7fc6c0 (LWP 416) exited]
[Thread 0x7c32577fe6c0 (LWP 431) exited]
[Thread 0x7c3257fff6c0 (LWP 430) exited]
[Thread 0x7c326cff96c0 (LWP 429) exited]
[Thread 0x7c326f7fe6c0 (LWP 428) exited]
[Thread 0x7c326ffff6c0 (LWP 427) exited]
[Thread 0x7c328cff96c0 (LWP 426) exited]
[Thread 0x7c328d7fa6c0 (LWP 425) exited]
[Thread 0x7c328dffb6c0 (LWP 424) exited]
[Thread 0x7c328e7fc6c0 (LWP 423) exited]
[Thread 0x7c328effd6c0 (LWP 422) exited]
[Thread 0x7c328f7fe6c0 (LWP 421) exited]
[Thread 0x7c328ffff6c0 (LWP 420) exited]
[Thread 0x7c329ceb66c0 (LWP 419) exited]
[Thread 0x7c329d6b76c0 (LWP 418) exited]
[Thread 0x7c326effd6c0 (LWP 417) exited]
[Thread 0x7c326dffb6c0 (LWP 415) exited]
[Thread 0x7c326d7fa6c0 (LWP 414) exited]
[New Thread 0x7c32577fe6c0 (LWP 432)]
[New Thread 0x7c3257fff6c0 (LWP 433)]
[New Thread 0x7c326cff96c0 (LWP 434)]
[New Thread 0x7c326f7fe6c0 (LWP 435)]
[New Thread 0x7c329d6b76c0 (LWP 436)]
[New Thread 0x7c329ceb66c0 (LWP 437)]
[New Thread 0x7c328ffff6c0 (LWP 438)]
[New Thread 0x7c328f7fe6c0 (LWP 439)]
[New Thread 0x7c328effd6c0 (LWP 440)]
[New Thread 0x7c328e7fc6c0 (LWP 441)]
[New Thread 0x7c328dffb6c0 (LWP 442)]
[Thread 0x7c328dffb6c0 (LWP 442) exited]
[Thread 0x7c328e7fc6c0 (LWP 441) exited]
[Thread 0x7c328effd6c0 (LWP 440) exited]
[Thread 0x7c328f7fe6c0 (LWP 439) exited]
[Thread 0x7c328ffff6c0 (LWP 438) exited]
[Thread 0x7c329ceb66c0 (LWP 437) exited]
[Thread 0x7c329d6b76c0 (LWP 436) exited]
[Thread 0x7c326f7fe6c0 (LWP 435) exited]
[Thread 0x7c326cff96c0 (LWP 434) exited]
[Thread 0x7c3257fff6c0 (LWP 433) exited]
[Thread 0x7c32577fe6c0 (LWP 432) exited]
[New Thread 0x7c328dffb6c0 (LWP 443)]
[New Thread 0x7c328e7fc6c0 (LWP 444)]
[New Thread 0x7c328effd6c0 (LWP 445)]
[New Thread 0x7c328f7fe6c0 (LWP 446)]
[Thread 0x7c328f7fe6c0 (LWP 446) exited]
[Thread 0x7c328effd6c0 (LWP 445) exited]
[Thread 0x7c328e7fc6c0 (LWP 444) exited]
[Thread 0x7c328dffb6c0 (LWP 443) exited]
[New Thread 0x7c328f7fe6c0 (LWP 447)]
[New Thread 0x7c328effd6c0 (LWP 448)]
[New Thread 0x7c328e7fc6c0 (LWP 449)]
[New Thread 0x7c328dffb6c0 (LWP 450)]
[New Thread 0x7c329d4b76c0 (LWP 451)]
[New Thread 0x7c329ccb66c0 (LWP 452)]
[New Thread 0x7c328ffff6c0 (LWP 453)]
[New Thread 0x7c328d7fa6c0 (LWP 454)]
[New Thread 0x7c328cff96c0 (LWP 455)]
[New Thread 0x7c326ffff6c0 (LWP 456)]
[New Thread 0x7c326f7fe6c0 (LWP 457)]
[New Thread 0x7c326effd6c0 (LWP 458)]
[New Thread 0x7c326e7fc6c0 (LWP 459)]
[New Thread 0x7c326dffb6c0 (LWP 460)]
[New Thread 0x7c326d7fa6c0 (LWP 461)]
[New Thread 0x7c326cff96c0 (LWP 462)]
[Thread 0x7c326e7fc6c0 (LWP 459) exited]
[Thread 0x7c326effd6c0 (LWP 458) exited]
[Thread 0x7c326ffff6c0 (LWP 456) exited]
[Thread 0x7c329ccb66c0 (LWP 452) exited]
[Thread 0x7c326cff96c0 (LWP 462) exited]
[Thread 0x7c326d7fa6c0 (LWP 461) exited]
[Thread 0x7c326dffb6c0 (LWP 460) exited]
[Thread 0x7c326f7fe6c0 (LWP 457) exited]
[Thread 0x7c328cff96c0 (LWP 455) exited]
[Thread 0x7c328d7fa6c0 (LWP 454) exited]
[Thread 0x7c328ffff6c0 (LWP 453) exited]
[Thread 0x7c329d4b76c0 (LWP 451) exited]
[Thread 0x7c328dffb6c0 (LWP 450) exited]
[Thread 0x7c328e7fc6c0 (LWP 449) exited]
[Thread 0x7c328effd6c0 (LWP 448) exited]
[Thread 0x7c328f7fe6c0 (LWP 447) exited]
[New Thread 0x7c326cff96c0 (LWP 463)]
[New Thread 0x7c326d7fa6c0 (LWP 464)]
[New Thread 0x7c326dffb6c0 (LWP 465)]
[New Thread 0x7c326e7fc6c0 (LWP 466)]
[New Thread 0x7c329d4b76c0 (LWP 467)]
[New Thread 0x7c329ccb66c0 (LWP 468)]
[New Thread 0x7c328ffff6c0 (LWP 469)]
[New Thread 0x7c328f7fe6c0 (LWP 470)]
[New Thread 0x7c328effd6c0 (LWP 471)]
[New Thread 0x7c328e7fc6c0 (LWP 472)]
[New Thread 0x7c328dffb6c0 (LWP 473)]
[Thread 0x7c328dffb6c0 (LWP 473) exited]
[Thread 0x7c328e7fc6c0 (LWP 472) exited]
[Thread 0x7c328effd6c0 (LWP 471) exited]
[Thread 0x7c328f7fe6c0 (LWP 470) exited]
[Thread 0x7c328ffff6c0 (LWP 469) exited]
[Thread 0x7c329ccb66c0 (LWP 468) exited]
[Thread 0x7c329d4b76c0 (LWP 467) exited]
[Thread 0x7c326e7fc6c0 (LWP 466) exited]
[Thread 0x7c326dffb6c0 (LWP 465) exited]
[Thread 0x7c326d7fa6c0 (LWP 464) exited]
[Thread 0x7c326cff96c0 (LWP 463) exited]
[New Thread 0x7c328dffb6c0 (LWP 474)]
[New Thread 0x7c328e7fc6c0 (LWP 475)]
[New Thread 0x7c328effd6c0 (LWP 476)]
[New Thread 0x7c328f7fe6c0 (LWP 477)]
[Thread 0x7c328f7fe6c0 (LWP 477) exited]
[Thread 0x7c328effd6c0 (LWP 476) exited]
[Thread 0x7c328e7fc6c0 (LWP 475) exited]
[Thread 0x7c328dffb6c0 (LWP 474) exited]
[New Thread 0x7c328f7fe6c0 (LWP 478)]
[New Thread 0x7c328effd6c0 (LWP 479)]
[New Thread 0x7c328e7fc6c0 (LWP 480)]
[New Thread 0x7c328dffb6c0 (LWP 481)]
[New Thread 0x7c329d2b76c0 (LWP 482)]
[New Thread 0x7c329cab66c0 (LWP 483)]
[New Thread 0x7c328ffff6c0 (LWP 484)]
[New Thread 0x7c328d7fa6c0 (LWP 485)]
[New Thread 0x7c328cff96c0 (LWP 486)]
[New Thread 0x7c326ffff6c0 (LWP 487)]
[New Thread 0x7c326f7fe6c0 (LWP 488)]
[New Thread 0x7c326effd6c0 (LWP 489)]
[New Thread 0x7c326e7fc6c0 (LWP 490)]
[New Thread 0x7c326dffb6c0 (LWP 491)]
[New Thread 0x7c326d7fa6c0 (LWP 492)]
[Thread 0x7c326dffb6c0 (LWP 491) exited]
[Thread 0x7c326effd6c0 (LWP 489) exited]
[Thread 0x7c328cff96c0 (LWP 486) exited]
[Thread 0x7c326d7fa6c0 (LWP 492) exited]
[Thread 0x7c326e7fc6c0 (LWP 490) exited]
[Thread 0x7c326ffff6c0 (LWP 487) exited]
[Thread 0x7c328d7fa6c0 (LWP 485) exited]
[Thread 0x7c326f7fe6c0 (LWP 488) exited]
[Thread 0x7c328ffff6c0 (LWP 484) exited]
[Thread 0x7c329cab66c0 (LWP 483) exited]
[Thread 0x7c329d2b76c0 (LWP 482) exited]
[Thread 0x7c328dffb6c0 (LWP 481) exited]
[Thread 0x7c328e7fc6c0 (LWP 480) exited]
[Thread 0x7c328effd6c0 (LWP 479) exited]
[Thread 0x7c328f7fe6c0 (LWP 478) exited]
[New Thread 0x7c326d7fa6c0 (LWP 493)]
[New Thread 0x7c326dffb6c0 (LWP 494)]
[New Thread 0x7c326e7fc6c0 (LWP 495)]
[New Thread 0x7c326effd6c0 (LWP 496)]
[New Thread 0x7c329d1b76c0 (LWP 497)]
[New Thread 0x7c329c9b66c0 (LWP 498)]
[New Thread 0x7c328ffff6c0 (LWP 499)]
[New Thread 0x7c328f7fe6c0 (LWP 500)]
[New Thread 0x7c328effd6c0 (LWP 501)]
[New Thread 0x7c328e7fc6c0 (LWP 502)]
[New Thread 0x7c328dffb6c0 (LWP 503)]
[Thread 0x7c328dffb6c0 (LWP 503) exited]
[Thread 0x7c328e7fc6c0 (LWP 502) exited]
[Thread 0x7c328effd6c0 (LWP 501) exited]
[Thread 0x7c328f7fe6c0 (LWP 500) exited]
[Thread 0x7c328ffff6c0 (LWP 499) exited]
[Thread 0x7c329c9b66c0 (LWP 498) exited]
[Thread 0x7c329d1b76c0 (LWP 497) exited]
[Thread 0x7c326effd6c0 (LWP 496) exited]
[Thread 0x7c326e7fc6c0 (LWP 495) exited]
[Thread 0x7c326dffb6c0 (LWP 494) exited]
[Thread 0x7c326d7fa6c0 (LWP 493) exited]
[New Thread 0x7c328dffb6c0 (LWP 504)]
[New Thread 0x7c328e7fc6c0 (LWP 505)]
[New Thread 0x7c328effd6c0 (LWP 506)]
[New Thread 0x7c328f7fe6c0 (LWP 507)]
[Thread 0x7c328f7fe6c0 (LWP 507) exited]
[Thread 0x7c328effd6c0 (LWP 506) exited]
[Thread 0x7c328e7fc6c0 (LWP 505) exited]
[Thread 0x7c328dffb6c0 (LWP 504) exited]
[New Thread 0x7c328f7fe6c0 (LWP 508)]
[New Thread 0x7c328effd6c0 (LWP 509)]
[New Thread 0x7c328e7fc6c0 (LWP 510)]
[New Thread 0x7c328dffb6c0 (LWP 511)]
[New Thread 0x7c329d1b76c0 (LWP 512)]
[New Thread 0x7c329c9b66c0 (LWP 513)]
[New Thread 0x7c328ffff6c0 (LWP 514)]
[New Thread 0x7c328d7fa6c0 (LWP 515)]
[New Thread 0x7c328cff96c0 (LWP 516)]
[New Thread 0x7c326ffff6c0 (LWP 517)]
[New Thread 0x7c326f7fe6c0 (LWP 518)]
[New Thread 0x7c326effd6c0 (LWP 519)]
[New Thread 0x7c326e7fc6c0 (LWP 520)]
[New Thread 0x7c326dffb6c0 (LWP 521)]
[Thread 0x7c326dffb6c0 (LWP 521) exited]
[Thread 0x7c326e7fc6c0 (LWP 520) exited]
[Thread 0x7c326effd6c0 (LWP 519) exited]
[Thread 0x7c326f7fe6c0 (LWP 518) exited]
[Thread 0x7c326ffff6c0 (LWP 517) exited]
[Thread 0x7c328cff96c0 (LWP 516) exited]
[Thread 0x7c328d7fa6c0 (LWP 515) exited]
[Thread 0x7c328ffff6c0 (LWP 514) exited]
[Thread 0x7c329c9b66c0 (LWP 513) exited]
[Thread 0x7c329d1b76c0 (LWP 512) exited]
[Thread 0x7c328dffb6c0 (LWP 511) exited]
[Thread 0x7c328e7fc6c0 (LWP 510) exited]
[Thread 0x7c328effd6c0 (LWP 509) exited]
[Thread 0x7c328f7fe6c0 (LWP 508) exited]
[New Thread 0x7c326dffb6c0 (LWP 522)]
[New Thread 0x7c326e7fc6c0 (LWP 523)]
[New Thread 0x7c326effd6c0 (LWP 524)]
[New Thread 0x7c326f7fe6c0 (LWP 525)]
[New Thread 0x7c329d1b76c0 (LWP 526)]
[New Thread 0x7c329c9b66c0 (LWP 527)]
[New Thread 0x7c328ffff6c0 (LWP 528)]
[New Thread 0x7c328f7fe6c0 (LWP 529)]
[New Thread 0x7c328effd6c0 (LWP 530)]
[New Thread 0x7c328e7fc6c0 (LWP 531)]
[New Thread 0x7c328dffb6c0 (LWP 532)]
[New Thread 0x7c328d7fa6c0 (LWP 533)]
[New Thread 0x7c328cff96c0 (LWP 534)]
[New Thread 0x7c326ffff6c0 (LWP 535)]
[New Thread 0x7c326d7fa6c0 (LWP 536)]
[New Thread 0x7c326cff96c0 (LWP 537)]
[Thread 0x7c326cff96c0 (LWP 537) exited]
[Thread 0x7c326d7fa6c0 (LWP 536) exited]
[Thread 0x7c326ffff6c0 (LWP 535) exited]
[Thread 0x7c328cff96c0 (LWP 534) exited]
[Thread 0x7c328d7fa6c0 (LWP 533) exited]
[Thread 0x7c328dffb6c0 (LWP 532) exited]
[Thread 0x7c328e7fc6c0 (LWP 531) exited]
[Thread 0x7c328effd6c0 (LWP 530) exited]
[Thread 0x7c328f7fe6c0 (LWP 529) exited]
[Thread 0x7c328ffff6c0 (LWP 528) exited]
[Thread 0x7c329c9b66c0 (LWP 527) exited]
[Thread 0x7c329d1b76c0 (LWP 526) exited]
[Thread 0x7c326f7fe6c0 (LWP 525) exited]
[Thread 0x7c326effd6c0 (LWP 524) exited]
[Thread 0x7c326e7fc6c0 (LWP 523) exited]
[Thread 0x7c326dffb6c0 (LWP 522) exited]
[New Thread 0x7c326cff96c0 (LWP 538)]
[New Thread 0x7c326d7fa6c0 (LWP 539)]
[New Thread 0x7c326ffff6c0 (LWP 540)]
[New Thread 0x7c328cff96c0 (LWP 541)]
[New Thread 0x7c329d0b76c0 (LWP 542)]
[New Thread 0x7c329c8b66c0 (LWP 543)]
[New Thread 0x7c328ffff6c0 (LWP 544)]
[New Thread 0x7c328f7fe6c0 (LWP 545)]
[New Thread 0x7c328effd6c0 (LWP 546)]
[New Thread 0x7c328e7fc6c0 (LWP 547)]
[New Thread 0x7c328dffb6c0 (LWP 548)]
[New Thread 0x7c328d7fa6c0 (LWP 549)]
[New Thread 0x7c326f7fe6c0 (LWP 550)]
[New Thread 0x7c326effd6c0 (LWP 551)]
[New Thread 0x7c326e7fc6c0 (LWP 552)]
[New Thread 0x7c326dffb6c0 (LWP 553)]
[New Thread 0x7c3257fff6c0 (LWP 554)]
[Thread 0x7c3257fff6c0 (LWP 554) exited]
[Thread 0x7c326dffb6c0 (LWP 553) exited]
[Thread 0x7c326e7fc6c0 (LWP 552) exited]
[Thread 0x7c326effd6c0 (LWP 551) exited]
[Thread 0x7c326f7fe6c0 (LWP 550) exited]
[Thread 0x7c328d7fa6c0 (LWP 549) exited]
[Thread 0x7c328dffb6c0 (LWP 548) exited]
[Thread 0x7c328e7fc6c0 (LWP 547) exited]
[Thread 0x7c328effd6c0 (LWP 546) exited]
[Thread 0x7c328f7fe6c0 (LWP 545) exited]
[Thread 0x7c328ffff6c0 (LWP 544) exited]
[Thread 0x7c329c8b66c0 (LWP 543) exited]
[Thread 0x7c329d0b76c0 (LWP 542) exited]
[Thread 0x7c328cff96c0 (LWP 541) exited]
[Thread 0x7c326ffff6c0 (LWP 540) exited]
[Thread 0x7c326d7fa6c0 (LWP 539) exited]
[Thread 0x7c326cff96c0 (LWP 538) exited]
[New Thread 0x7c3257fff6c0 (LWP 555)]
[New Thread 0x7c326dffb6c0 (LWP 556)]
[New Thread 0x7c326e7fc6c0 (LWP 557)]
[New Thread 0x7c326effd6c0 (LWP 558)]
[New Thread 0x7c329cfb76c0 (LWP 559)]
[New Thread 0x7c328ffff6c0 (LWP 560)]
[New Thread 0x7c328f7fe6c0 (LWP 561)]
[New Thread 0x7c328effd6c0 (LWP 562)]
[New Thread 0x7c328e7fc6c0 (LWP 563)]
[New Thread 0x7c328dffb6c0 (LWP 564)]
[New Thread 0x7c328d7fa6c0 (LWP 565)]
[New Thread 0x7c328cff96c0 (LWP 566)]
[New Thread 0x7c326ffff6c0 (LWP 567)]
[New Thread 0x7c326f7fe6c0 (LWP 568)]
[New Thread 0x7c326d7fa6c0 (LWP 569)]
[New Thread 0x7c326cff96c0 (LWP 570)]
[Thread 0x7c328cff96c0 (LWP 566) exited]
[Thread 0x7c328dffb6c0 (LWP 564) exited]
[Thread 0x7c328effd6c0 (LWP 562) exited]
[Thread 0x7c326cff96c0 (LWP 570) exited]
[Thread 0x7c326d7fa6c0 (LWP 569) exited]
[Thread 0x7c326f7fe6c0 (LWP 568) exited]
[Thread 0x7c326ffff6c0 (LWP 567) exited]
[Thread 0x7c328d7fa6c0 (LWP 565) exited]
[Thread 0x7c328e7fc6c0 (LWP 563) exited]
[Thread 0x7c328f7fe6c0 (LWP 561) exited]
[Thread 0x7c328ffff6c0 (LWP 560) exited]
[Thread 0x7c329cfb76c0 (LWP 559) exited]
[Thread 0x7c326effd6c0 (LWP 558) exited]
[Thread 0x7c326e7fc6c0 (LWP 557) exited]
[Thread 0x7c326dffb6c0 (LWP 556) exited]
[Thread 0x7c3257fff6c0 (LWP 555) exited]
[New Thread 0x7c326cff96c0 (LWP 571)]
[New Thread 0x7c326d7fa6c0 (LWP 572)]
[New Thread 0x7c326f7fe6c0 (LWP 573)]
[New Thread 0x7c326ffff6c0 (LWP 574)]
[New Thread 0x7c329ceb76c0 (LWP 575)]
[New Thread 0x7c328ffff6c0 (LWP 576)]
[New Thread 0x7c328f7fe6c0 (LWP 577)]
[New Thread 0x7c328effd6c0 (LWP 578)]
[New Thread 0x7c328e7fc6c0 (LWP 579)]
[New Thread 0x7c328dffb6c0 (LWP 580)]
[New Thread 0x7c328d7fa6c0 (LWP 581)]
[Thread 0x7c328d7fa6c0 (LWP 581) exited]
[Thread 0x7c328dffb6c0 (LWP 580) exited]
[Thread 0x7c328e7fc6c0 (LWP 579) exited]
[Thread 0x7c328effd6c0 (LWP 578) exited]
[Thread 0x7c328f7fe6c0 (LWP 577) exited]
[Thread 0x7c328ffff6c0 (LWP 576) exited]
[Thread 0x7c329ceb76c0 (LWP 575) exited]
[Thread 0x7c326ffff6c0 (LWP 574) exited]
[Thread 0x7c326f7fe6c0 (LWP 573) exited]
[Thread 0x7c326d7fa6c0 (LWP 572) exited]
[Thread 0x7c326cff96c0 (LWP 571) exited]
[New Thread 0x7c328d7fa6c0 (LWP 582)]
[New Thread 0x7c328dffb6c0 (LWP 583)]
[New Thread 0x7c328e7fc6c0 (LWP 584)]
[New Thread 0x7c328effd6c0 (LWP 585)]
[Thread 0x7c328effd6c0 (LWP 585) exited]
[Thread 0x7c328e7fc6c0 (LWP 584) exited]
[Thread 0x7c328dffb6c0 (LWP 583) exited]
[Thread 0x7c328d7fa6c0 (LWP 582) exited]
[New Thread 0x7c328effd6c0 (LWP 586)]
[New Thread 0x7c328e7fc6c0 (LWP 587)]
[New Thread 0x7c328dffb6c0 (LWP 588)]
[New Thread 0x7c328d7fa6c0 (LWP 589)]
[New Thread 0x7c329cdb76c0 (LWP 590)]
[New Thread 0x7c328ffff6c0 (LWP 591)]
[New Thread 0x7c328f7fe6c0 (LWP 592)]
[New Thread 0x7c328cff96c0 (LWP 593)]
[New Thread 0x7c326ffff6c0 (LWP 594)]
[New Thread 0x7c326f7fe6c0 (LWP 595)]
[New Thread 0x7c326effd6c0 (LWP 596)]
[New Thread 0x7c326e7fc6c0 (LWP 597)]
[New Thread 0x7c326dffb6c0 (LWP 598)]
[New Thread 0x7c326d7fa6c0 (LWP 599)]
[New Thread 0x7c326cff96c0 (LWP 600)]
[New Thread 0x7c3257fff6c0 (LWP 601)]
[Thread 0x7c3257fff6c0 (LWP 601) exited]
[Thread 0x7c326cff96c0 (LWP 600) exited]
[Thread 0x7c326d7fa6c0 (LWP 599) exited]
[Thread 0x7c326dffb6c0 (LWP 598) exited]
[Thread 0x7c326e7fc6c0 (LWP 597) exited]
[Thread 0x7c326effd6c0 (LWP 596) exited]
[Thread 0x7c326f7fe6c0 (LWP 595) exited]
[Thread 0x7c326ffff6c0 (LWP 594) exited]
[Thread 0x7c328cff96c0 (LWP 593) exited]
[Thread 0x7c328f7fe6c0 (LWP 592) exited]
[Thread 0x7c328ffff6c0 (LWP 591) exited]
[Thread 0x7c328dffb6c0 (LWP 588) exited]
[Thread 0x7c328e7fc6c0 (LWP 587) exited]
[Thread 0x7c328effd6c0 (LWP 586) exited]
[Thread 0x7c329cdb76c0 (LWP 590) exited]
[Thread 0x7c328d7fa6c0 (LWP 589) exited]
[New Thread 0x7c3257fff6c0 (LWP 602)]
[New Thread 0x7c326cff96c0 (LWP 603)]
[New Thread 0x7c326d7fa6c0 (LWP 604)]
[New Thread 0x7c326dffb6c0 (LWP 605)]
[New Thread 0x7c328ffff6c0 (LWP 606)]
[New Thread 0x7c328f7fe6c0 (LWP 607)]
[New Thread 0x7c328effd6c0 (LWP 608)]
[New Thread 0x7c328e7fc6c0 (LWP 609)]
[New Thread 0x7c328dffb6c0 (LWP 610)]
[New Thread 0x7c328d7fa6c0 (LWP 611)]
[New Thread 0x7c328cff96c0 (LWP 612)]
[Thread 0x7c328cff96c0 (LWP 612) exited]
[Thread 0x7c328dffb6c0 (LWP 610) exited]
[Thread 0x7c328e7fc6c0 (LWP 609) exited]
[Thread 0x7c328effd6c0 (LWP 608) exited]
[Thread 0x7c328f7fe6c0 (LWP 607) exited]
[Thread 0x7c328ffff6c0 (LWP 606) exited]
[Thread 0x7c326dffb6c0 (LWP 605) exited]
[Thread 0x7c326cff96c0 (LWP 603) exited]
[Thread 0x7c3257fff6c0 (LWP 602) exited]
[Thread 0x7c326d7fa6c0 (LWP 604) exited]
[Thread 0x7c328d7fa6c0 (LWP 611) exited]
[New Thread 0x7c328cff96c0 (LWP 613)]
[New Thread 0x7c328d7fa6c0 (LWP 614)]
[New Thread 0x7c328dffb6c0 (LWP 615)]
[New Thread 0x7c328e7fc6c0 (LWP 616)]
[Thread 0x7c328e7fc6c0 (LWP 616) exited]
[Thread 0x7c328dffb6c0 (LWP 615) exited]
[Thread 0x7c328d7fa6c0 (LWP 614) exited]
[Thread 0x7c328cff96c0 (LWP 613) exited]
[New Thread 0x7c328e7fc6c0 (LWP 617)]
[New Thread 0x7c328dffb6c0 (LWP 618)]
[New Thread 0x7c328d7fa6c0 (LWP 619)]
[New Thread 0x7c328cff96c0 (LWP 620)]
[New Thread 0x7c329ccb76c0 (LWP 621)]
[New Thread 0x7c328ffff6c0 (LWP 622)]
[New Thread 0x7c328f7fe6c0 (LWP 623)]
[New Thread 0x7c328effd6c0 (LWP 624)]
[New Thread 0x7c326ffff6c0 (LWP 625)]
[New Thread 0x7c326f7fe6c0 (LWP 626)]
[New Thread 0x7c326effd6c0 (LWP 627)]
[New Thread 0x7c326e7fc6c0 (LWP 628)]
[New Thread 0x7c326dffb6c0 (LWP 629)]
[New Thread 0x7c326d7fa6c0 (LWP 630)]
[New Thread 0x7c326cff96c0 (LWP 631)]
[New Thread 0x7c3257fff6c0 (LWP 632)]
[Thread 0x7c326effd6c0 (LWP 627) exited]
[Thread 0x7c326ffff6c0 (LWP 625) exited]
[Thread 0x7c3257fff6c0 (LWP 632) exited]
[Thread 0x7c326cff96c0 (LWP 631) exited]
[Thread 0x7c326d7fa6c0 (LWP 630) exited]
[Thread 0x7c326dffb6c0 (LWP 629) exited]
[Thread 0x7c326e7fc6c0 (LWP 628) exited]
[Thread 0x7c326f7fe6c0 (LWP 626) exited]
[Thread 0x7c328effd6c0 (LWP 624) exited]
[Thread 0x7c328f7fe6c0 (LWP 623) exited]
[Thread 0x7c328ffff6c0 (LWP 622) exited]
[Thread 0x7c329ccb76c0 (LWP 621) exited]
[Thread 0x7c328cff96c0 (LWP 620) exited]
[Thread 0x7c328d7fa6c0 (LWP 619) exited]
[Thread 0x7c328dffb6c0 (LWP 618) exited]
[Thread 0x7c328e7fc6c0 (LWP 617) exited]
[New Thread 0x7c3257fff6c0 (LWP 633)]
[New Thread 0x7c326cff96c0 (LWP 634)]
[New Thread 0x7c326d7fa6c0 (LWP 635)]
[New Thread 0x7c326dffb6c0 (LWP 636)]
[New Thread 0x7c328ffff6c0 (LWP 637)]
[New Thread 0x7c328f7fe6c0 (LWP 638)]
[New Thread 0x7c328effd6c0 (LWP 639)]
[New Thread 0x7c328e7fc6c0 (LWP 640)]
[New Thread 0x7c328dffb6c0 (LWP 641)]
[New Thread 0x7c328d7fa6c0 (LWP 642)]
[New Thread 0x7c328cff96c0 (LWP 643)]
[Thread 0x7c328d7fa6c0 (LWP 642) exited]
[Thread 0x7c328cff96c0 (LWP 643) exited]
[Thread 0x7c328dffb6c0 (LWP 641) exited]
[Thread 0x7c328e7fc6c0 (LWP 640) exited]
[Thread 0x7c328effd6c0 (LWP 639) exited]
[Thread 0x7c328f7fe6c0 (LWP 638) exited]
[Thread 0x7c328ffff6c0 (LWP 637) exited]
[Thread 0x7c326dffb6c0 (LWP 636) exited]
[Thread 0x7c326d7fa6c0 (LWP 635) exited]
[Thread 0x7c326cff96c0 (LWP 634) exited]
[Thread 0x7c3257fff6c0 (LWP 633) exited]
[New Thread 0x7c328cff96c0 (LWP 644)]
[New Thread 0x7c328d7fa6c0 (LWP 645)]
[New Thread 0x7c328dffb6c0 (LWP 646)]
[New Thread 0x7c328e7fc6c0 (LWP 647)]
[Thread 0x7c328e7fc6c0 (LWP 647) exited]
[Thread 0x7c328dffb6c0 (LWP 646) exited]
[Thread 0x7c328d7fa6c0 (LWP 645) exited]
[Thread 0x7c328cff96c0 (LWP 644) exited]
[New Thread 0x7c328e7fc6c0 (LWP 648)]
[New Thread 0x7c328dffb6c0 (LWP 649)]
[New Thread 0x7c328d7fa6c0 (LWP 650)]
[New Thread 0x7c328cff96c0 (LWP 651)]
[New Thread 0x7c328ffff6c0 (LWP 652)]
[New Thread 0x7c328f7fe6c0 (LWP 653)]
[New Thread 0x7c328effd6c0 (LWP 654)]
[New Thread 0x7c326ffff6c0 (LWP 655)]
[New Thread 0x7c326f7fe6c0 (LWP 656)]
[New Thread 0x7c326effd6c0 (LWP 657)]
[New Thread 0x7c326e7fc6c0 (LWP 658)]
[New Thread 0x7c326dffb6c0 (LWP 659)]
[New Thread 0x7c326d7fa6c0 (LWP 660)]
[New Thread 0x7c326cff96c0 (LWP 661)]
[New Thread 0x7c3257fff6c0 (LWP 662)]
[Thread 0x7c3257fff6c0 (LWP 662) exited]
[Thread 0x7c326cff96c0 (LWP 661) exited]
[Thread 0x7c326d7fa6c0 (LWP 660) exited]
[Thread 0x7c326dffb6c0 (LWP 659) exited]
[Thread 0x7c326e7fc6c0 (LWP 658) exited]
[Thread 0x7c326effd6c0 (LWP 657) exited]
[Thread 0x7c326f7fe6c0 (LWP 656) exited]
[Thread 0x7c326ffff6c0 (LWP 655) exited]
[Thread 0x7c328effd6c0 (LWP 654) exited]
[Thread 0x7c328f7fe6c0 (LWP 653) exited]
[Thread 0x7c328ffff6c0 (LWP 652) exited]
[Thread 0x7c328cff96c0 (LWP 651) exited]
[Thread 0x7c328d7fa6c0 (LWP 650) exited]
[Thread 0x7c328dffb6c0 (LWP 649) exited]
[Thread 0x7c328e7fc6c0 (LWP 648) exited]
[New Thread 0x7c3257fff6c0 (LWP 663)]
[New Thread 0x7c326cff96c0 (LWP 664)]
[New Thread 0x7c326d7fa6c0 (LWP 665)]
[New Thread 0x7c326dffb6c0 (LWP 666)]
[New Thread 0x7c328ffff6c0 (LWP 667)]
[New Thread 0x7c328f7fe6c0 (LWP 668)]
[New Thread 0x7c328effd6c0 (LWP 669)]
[New Thread 0x7c328e7fc6c0 (LWP 670)]
[New Thread 0x7c328dffb6c0 (LWP 671)]
[New Thread 0x7c328d7fa6c0 (LWP 672)]
[New Thread 0x7c328cff96c0 (LWP 673)]
[New Thread 0x7c326ffff6c0 (LWP 674)]
[New Thread 0x7c326f7fe6c0 (LWP 675)]
[New Thread 0x7c326effd6c0 (LWP 676)]
[Thread 0x7c326effd6c0 (LWP 676) exited]
[Thread 0x7c326f7fe6c0 (LWP 675) exited]
[Thread 0x7c326ffff6c0 (LWP 674) exited]
[Thread 0x7c328cff96c0 (LWP 673) exited]
[Thread 0x7c328d7fa6c0 (LWP 672) exited]
[Thread 0x7c328dffb6c0 (LWP 671) exited]
[Thread 0x7c328e7fc6c0 (LWP 670) exited]
[Thread 0x7c328effd6c0 (LWP 669) exited]
[Thread 0x7c328f7fe6c0 (LWP 668) exited]
[Thread 0x7c328ffff6c0 (LWP 667) exited]
[Thread 0x7c326dffb6c0 (LWP 666) exited]
[Thread 0x7c326d7fa6c0 (LWP 665) exited]
[Thread 0x7c326cff96c0 (LWP 664) exited]
[Thread 0x7c3257fff6c0 (LWP 663) exited]
[New Thread 0x7c326effd6c0 (LWP 677)]
[New Thread 0x7c326f7fe6c0 (LWP 678)]
[New Thread 0x7c326ffff6c0 (LWP 679)]
[New Thread 0x7c328cff96c0 (LWP 680)]
[New Thread 0x7c328ffff6c0 (LWP 681)]
[New Thread 0x7c328f7fe6c0 (LWP 682)]
[New Thread 0x7c328effd6c0 (LWP 683)]
[New Thread 0x7c328e7fc6c0 (LWP 684)]
[New Thread 0x7c328dffb6c0 (LWP 685)]
[New Thread 0x7c328d7fa6c0 (LWP 686)]
[New Thread 0x7c326e7fc6c0 (LWP 687)]
[New Thread 0x7c326dffb6c0 (LWP 688)]
[New Thread 0x7c326d7fa6c0 (LWP 689)]
[New Thread 0x7c326cff96c0 (LWP 690)]
[New Thread 0x7c3257fff6c0 (LWP 691)]
[New Thread 0x7c32577fe6c0 (LWP 692)]
[New Thread 0x7c3256ffd6c0 (LWP 693)]
[New Thread 0x7c32567fc6c0 (LWP 694)]
[Thread 0x7c32567fc6c0 (LWP 694) exited]
[Thread 0x7c3256ffd6c0 (LWP 693) exited]
[Thread 0x7c32577fe6c0 (LWP 692) exited]
[Thread 0x7c3257fff6c0 (LWP 691) exited]
[Thread 0x7c326cff96c0 (LWP 690) exited]
[Thread 0x7c326d7fa6c0 (LWP 689) exited]
[Thread 0x7c326dffb6c0 (LWP 688) exited]
[Thread 0x7c326e7fc6c0 (LWP 687) exited]
[Thread 0x7c328d7fa6c0 (LWP 686) exited]
[Thread 0x7c328dffb6c0 (LWP 685) exited]
[Thread 0x7c328e7fc6c0 (LWP 684) exited]
[Thread 0x7c328effd6c0 (LWP 683) exited]
[Thread 0x7c328f7fe6c0 (LWP 682) exited]
[Thread 0x7c328ffff6c0 (LWP 681) exited]
[Thread 0x7c328cff96c0 (LWP 680) exited]
[Thread 0x7c326ffff6c0 (LWP 679) exited]
[Thread 0x7c326f7fe6c0 (LWP 678) exited]
[Thread 0x7c326effd6c0 (LWP 677) exited]

Thread 1 "python" received signal SIGILL, Illegal instruction.
0x00007c3469646081 in (anonymous namespace)::calculate_zpp (scale=992, zp=<optimized out>) at src/ml_kernels/np_operators_helpers.cpp:103
warning: 103	src/ml_kernels/np_operators_helpers.cpp: No such file or directory
#0  0x00007c3469646081 in (anonymous namespace)::calculate_zpp (scale=992, zp=<optimized out>) at src/ml_kernels/np_operators_helpers.cpp:103
#1  0x00007c3469646567 in zpp_multiply_add (self=<optimized out>, args=<optimized out>) at src/ml_kernels/np_operators_helpers.cpp:276
#2  0x00007c33b5b7485a in ?? () from /sdk-extensions/model-compiler/lib/python3.12/site-packages/ml_kernels.cpython-312-x86_64-linux-gnu.so
#3  0x00007c33b5a1c62d in ?? () from /sdk-extensions/model-compiler/lib/python3.12/site-packages/ml_kernels.cpython-312-x86_64-linux-gnu.so
#4  0x00007c33b5b5d0dc in ?? () from /sdk-extensions/model-compiler/lib/python3.12/site-packages/ml_kernels.cpython-312-x86_64-linux-gnu.so
#5  0x00007c3542804f82 in PyUFunc_On_Om () from /sdk-extensions/model-compiler/lib/python3.12/site-packages/numpy/core/_multiarray_umath.cpython-312-x86_64-linux-gnu.so
#6  0x00007c354297e1b5 in generic_wrapped_legacy_loop () from /sdk-extensions/model-compiler/lib/python3.12/site-packages/numpy/core/_multiarray_umath.cpython-312-x86_64-linux-gnu.so
#7  0x00007c3542981006 in try_trivial_single_output_loop () from /sdk-extensions/model-compiler/lib/python3.12/site-packages/numpy/core/_multiarray_umath.cpython-312-x86_64-linux-gnu.so
#8  0x00007c354298be73 in ufunc_generic_fastcall () from /sdk-extensions/model-compiler/lib/python3.12/site-packages/numpy/core/_multiarray_umath.cpython-312-x86_64-linux-gnu.so
#9  0x00000000005db2ee in _PyEval_EvalFrameDefault ()
#10 0x000000000054caed in ?? ()
#11 0x00000000005db2ee in _PyEval_EvalFrameDefault ()
#12 0x000000000054a802 in _PyObject_Call_Prepend ()
#13 0x00000000005a3778 in ?? ()
#14 0x00007c33b5b563db in ?? () from /sdk-extensions/model-compiler/lib/python3.12/site-packages/ml_kernels.cpython-312-x86_64-linux-gnu.so
#15 0x00007c33b5b6e7ad in ?? () from /sdk-extensions/model-compiler/lib/python3.12/site-packages/ml_kernels.cpython-312-x86_64-linux-gnu.so
#16 0x00007c33b5a131cd in ?? () from /sdk-extensions/model-compiler/lib/python3.12/site-packages/ml_kernels.cpython-312-x86_64-linux-gnu.so
#17 0x00007c33b5b5c61a in ?? () from /sdk-extensions/model-compiler/lib/python3.12/site-packages/ml_kernels.cpython-312-x86_64-linux-gnu.so
#18 0x00007c33b5b732fb in ?? () from /sdk-extensions/model-compiler/lib/python3.12/site-packages/ml_kernels.cpython-312-x86_64-linux-gnu.so
#19 0x00007c33b5a1d394 in ?? () from /sdk-extensions/model-compiler/lib/python3.12/site-packages/ml_kernels.cpython-312-x86_64-linux-gnu.so
#20 0x00007c33b5b5d0dc in ?? () from /sdk-extensions/model-compiler/lib/python3.12/site-packages/ml_kernels.cpython-312-x86_64-linux-gnu.so
#21 0x00007c33b5489a48 in ?? () from /sdk-extensions/model-compiler/lib/python3.12/site-packages/mlc.cpython-312-x86_64-linux-gnu.so
#22 0x00007c33b5223f45 in ?? () from /sdk-extensions/model-compiler/lib/python3.12/site-packages/mlc.cpython-312-x86_64-linux-gnu.so
#23 0x00007c33b5497ab2 in ?? () from /sdk-extensions/model-compiler/lib/python3.12/site-packages/mlc.cpython-312-x86_64-linux-gnu.so
#24 0x00007c33b522b084 in ?? () from /sdk-extensions/model-compiler/lib/python3.12/site-packages/mlc.cpython-312-x86_64-linux-gnu.so
#25 0x00007c33b5497ab2 in ?? () from /sdk-extensions/model-compiler/lib/python3.12/site-packages/mlc.cpython-312-x86_64-linux-gnu.so
#26 0x00007c33b39bcb61 in ?? () from /sdk-extensions/model-compiler/lib/python3.12/site-packages/mlc.cpython-312-x86_64-linux-gnu.so
#27 0x00007c33b5497a52 in ?? () from /sdk-extensions/model-compiler/lib/python3.12/site-packages/mlc.cpython-312-x86_64-linux-gnu.so
#28 0x00007c33b54990c4 in ?? () from /sdk-extensions/model-compiler/lib/python3.12/site-packages/mlc.cpython-312-x86_64-linux-gnu.so
#29 0x00007c33b5468fa6 in ?? () from /sdk-extensions/model-compiler/lib/python3.12/site-packages/mlc.cpython-312-x86_64-linux-gnu.so
#30 0x00007c33b54986fa in ?? () from /sdk-extensions/model-compiler/lib/python3.12/site-packages/mlc.cpython-312-x86_64-linux-gnu.so
#31 0x00007c33b5468fa6 in ?? () from /sdk-extensions/model-compiler/lib/python3.12/site-packages/mlc.cpython-312-x86_64-linux-gnu.so
#32 0x00007c33b54986fa in ?? () from /sdk-extensions/model-compiler/lib/python3.12/site-packages/mlc.cpython-312-x86_64-linux-gnu.so
#33 0x00007c33b5468fa6 in ?? () from /sdk-extensions/model-compiler/lib/python3.12/site-packages/mlc.cpython-312-x86_64-linux-gnu.so
#34 0x00007c33b548e61f in ?? () from /sdk-extensions/model-compiler/lib/python3.12/site-packages/mlc.cpython-312-x86_64-linux-gnu.so
#35 0x00007c33b549c410 in ?? () from /sdk-extensions/model-compiler/lib/python3.12/site-packages/mlc.cpython-312-x86_64-linux-gnu.so
#36 0x00007c33b549d5a4 in ?? () from /sdk-extensions/model-compiler/lib/python3.12/site-packages/mlc.cpython-312-x86_64-linux-gnu.so
#37 0x00007c33b549b122 in ?? () from /sdk-extensions/model-compiler/lib/python3.12/site-packages/mlc.cpython-312-x86_64-linux-gnu.so
#38 0x00007c33b39ba397 in ?? () from /sdk-extensions/model-compiler/lib/python3.12/site-packages/mlc.cpython-312-x86_64-linux-gnu.so
#39 0x00007c33b5473cfc in ?? () from /sdk-extensions/model-compiler/lib/python3.12/site-packages/mlc.cpython-312-x86_64-linux-gnu.so
#40 0x00007c3642071be9 in ?? () from /sdk-extensions/model-compiler/lib/python3.12/site-packages/afe.cpython-312-x86_64-linux-gnu.so
#41 0x00007c36410e00b0 in ?? () from /sdk-extensions/model-compiler/lib/python3.12/site-packages/afe.cpython-312-x86_64-linux-gnu.so
#42 0x00007c364207c6ac in ?? () from /sdk-extensions/model-compiler/lib/python3.12/site-packages/afe.cpython-312-x86_64-linux-gnu.so
#43 0x00000000005499b5 in PyObject_Vectorcall ()
#44 0x00000000005d710f in _PyEval_EvalFrameDefault ()
#45 0x00000000005d55eb in PyEval_EvalCode ()
#46 0x0000000000608733 in PyRun_StringFlags ()
#47 0x00000000006b40de in PyRun_SimpleStringFlags ()
#48 0x00000000006bcda1 in Py_RunMain ()
#49 0x00000000006bc7bd in Py_BytesMain ()
#50 0x00007c364265e1ca in __libc_start_call_main (main=main@entry=0x5188c0, argc=argc@entry=9, argv=argv@entry=0x7ffc934b6578) at ../sysdeps/nptl/libc_start_call_main.h:58
#51 0x00007c364265e28b in __libc_start_main_impl (main=0x5188c0, argc=9, argv=0x7ffc934b6578, init=<optimized out>, fini=<optimized out>, rtld_fini=<optimized out>, stack_end=0x7ffc934b6568) at ../csu/libc-start.c:360
#52 0x0000000000657a05 in _start ()
   0x7c3469646071 <(anonymous namespace)::calculate_zpp(double, double)+209>:	rex.RX vmulsd 0x3a1e(%rip),%xmm0,%xmm0        # 0x7c3469649a98
   0x7c346964607a <(anonymous namespace)::calculate_zpp(double, double)+218>:	lea    -0x1(%r13,%r12,1),%eax
   0x7c346964607f <(anonymous namespace)::calculate_zpp(double, double)+223>:	cmp    %eax,%edx
=> 0x7c3469646081 <(anonymous namespace)::calculate_zpp(double, double)+225>:	vcvttsd2usi %xmm0,%rcx
   0x7c3469646087 <(anonymous namespace)::calculate_zpp(double, double)+231>:	mov    %rcx,%rax
   0x7c346964608a <(anonymous namespace)::calculate_zpp(double, double)+234>:	jle    0x7c34696460d8 <(anonymous namespace)::calculate_zpp(double, double)+312>
   0x7c346964608c <(anonymous namespace)::calculate_zpp(double, double)+236>:	shr    $0x19,%rax
   0x7c3469646090 <(anonymous namespace)::calculate_zpp(double, double)+240>:	test   $0x1ffffff,%ecx
   0x7c3469646096 <(anonymous namespace)::calculate_zpp(double, double)+246>:	jne    0x7c34696460e4 <(anonymous namespace)::calculate_zpp(double, double)+324>
   0x7c3469646098 <(anonymous namespace)::calculate_zpp(double, double)+248>:	and    $0xfffffff,%eax
   0x7c346964609d <(anonymous namespace)::calculate_zpp(double, double)+253>:	and    $0xfffffffff0000000,%rbx
   0x7c34696460a4 <(anonymous namespace)::calculate_zpp(double, double)+260>:	and    $0xfffffff,%eax
rax            0xa                 10
rbx            0x880000000         36507222016
rcx            0x0                 0
rdx            0xa                 10
rsi            0xa                 10
rdi            0x1                 1
rbp            0x408f000000000000  0x408f000000000000
rsp            0x7ffc934b22f0      0x7ffc934b22f0
r8             0x7ffc934b2120      140722779660576
r9             0x100               256
r10            0x7c34696498d3      136564548344019
r11            0x2                 2
r12            0xa                 10
r13            0x1                 1
r14            0xba6748            12216136
r15            0x7c329cacff40      136556818792256
rip            0x7c3469646081      0x7c3469646081 <(anonymous namespace)::calculate_zpp(double, double)+225>
eflags         0x10246             [ PF ZF IF RF ]
cs             0x33                51
ss             0x2b                43
ds             0x0                 0
es             0x0                 0
fs             0x0                 0
gs             0x0                 0
fs_base        0x7c3642633300      136572483875584
gs_base        0x0                 0
From                To                  Syms Read   Shared Object Library
0x00007c3642988000  0x00007c36429b2195  Yes         /lib64/ld-linux-x86-64.so.2
0x00007c364289f420  0x00007c364291d3a6  Yes         /lib/x86_64-linux-gnu/libm.so.6
0x00007c3642875260  0x00007c3642886c40  Yes (*)     /lib/x86_64-linux-gnu/libz.so.1
0x00007c364284b210  0x00007c3642867473  Yes (*)     /lib/x86_64-linux-gnu/libexpat.so.1
0x00007c364265c800  0x00007c36427e4039  Yes         /lib/x86_64-linux-gnu/libc.so.6
0x00007c36408cc780  0x00007c36420e763e  Yes (*)     /sdk-extensions/model-compiler/lib/python3.12/site-packages/afe.cpython-312-x86_64-linux-gnu.so
0x00007c36406a54c0  0x00007c36406b5575  Yes (*)     /usr/lib/python3.12/lib-dynload/_ctypes.cpython-312-x86_64-linux-gnu.so
0x00007c364068f460  0x00007c364069507a  Yes (*)     /lib/x86_64-linux-gnu/libffi.so.8
0x00007c36405535c0  0x00007c364055546f  Yes (*)     /usr/lib/python3.12/lib-dynload/_bz2.cpython-312-x86_64-linux-gnu.so
0x00007c364053f280  0x00007c364054bff3  Yes (*)     /lib/x86_64-linux-gnu/libbz2.so.1.0
0x00007c3640533940  0x00007c3640537379  Yes (*)     /usr/lib/python3.12/lib-dynload/_lzma.cpython-312-x86_64-linux-gnu.so
0x00007c3640501400  0x00007c36405225ef  Yes (*)     /lib/x86_64-linux-gnu/liblzma.so.5
0x00007c36404f36a0  0x00007c36404f960d  Yes (*)     /usr/lib/python3.12/lib-dynload/_json.cpython-312-x86_64-linux-gnu.so
0x00007c36403ec040  0x00007c36403ec0f9  Yes (*)     /sdk-extensions/model-compiler/lib/python3.12/site-packages/torch/lib/libtorch_global_deps.so
0x00007c36403e7040  0x00007c36403e7105  Yes         /lib/x86_64-linux-gnu/libpthread.so.0
0x00007c36403e2040  0x00007c36403e2105  Yes         /lib/x86_64-linux-gnu/libdl.so.2
0x00007c364000dfb0  0x00007c364008b294  Yes (*)     /sdk-extensions/model-compiler/lib/python3.12/site-packages/torch/lib/../../nvidia/cuda_runtime/lib/libcudart.so.12
0x00007c363fc092a0  0x00007c363fc2d3a2  Yes (*)     /sdk-extensions/model-compiler/lib/python3.12/site-packages/torch/lib/libgomp.so.1
0x00007c36403dd080  0x00007c36403dd2b1  Yes         /lib/x86_64-linux-gnu/librt.so.1
0x00007c36398d9170  0x00007c363e16c892  Yes (*)     /sdk-extensions/model-compiler/lib/python3.12/site-packages/nvidia/cuda_nvrtc/lib/libnvrtc.so.12
0x00007c3633c980c0  0x00007c3638197052  Yes (*)     /sdk-extensions/model-compiler/lib/python3.12/site-packages/nvidia/nvjitlink/lib/libnvJitLink.so.12
0x00007c36403d7050  0x00007c36403d7115  Yes         /sdk-extensions/model-compiler/lib/python3.12/site-packages/torch/_C.cpython-312-x86_64-linux-gnu.so
0x00007c36328ce7a0  0x00007c363344a770  Yes (*)     /sdk-extensions/model-compiler/lib/python3.12/site-packages/torch/lib/libtorch_python.so
0x00007c3640395cd0  0x00007c36403c1ac3  Yes (*)     /sdk-extensions/model-compiler/lib/python3.12/site-packages/torch/lib/libtorch.so
0x00007c36403813d0  0x00007c3640383add  Yes (*)     /sdk-extensions/model-compiler/lib/python3.12/site-packages/torch/lib/libshm.so
0x00007c361f10c800  0x00007c362f410e70  Yes (*)     /sdk-extensions/model-compiler/lib/python3.12/site-packages/torch/lib/libtorch_cpu.so
0x00007c35e2fbfc90  0x00007c35e5ef0172  Yes (*)     /sdk-extensions/model-compiler/lib/python3.12/site-packages/torch/lib/libtorch_cuda.so
0x00007c36402e9240  0x00007c36403369d3  Yes (*)     /sdk-extensions/model-compiler/lib/python3.12/site-packages/torch/lib/libc10_cuda.so
0x00007c363ff17330  0x00007c363ffac168  Yes (*)     /sdk-extensions/model-compiler/lib/python3.12/site-packages/torch/lib/libc10.so
0x00007c35e2404230  0x00007c35e241448e  Yes (*)     /sdk-extensions/model-compiler/lib/python3.12/site-packages/torch/lib/../../nvidia/cudnn/lib/libcudnn.so.9
0x00007c35c927f8f0  0x00007c35cc244b92  Yes (*)     /sdk-extensions/model-compiler/lib/python3.12/site-packages/torch/lib/../../nvidia/cusparselt/lib/libcusparseLt.so.0
0x00007c35c6fc5ed0  0x00007c35c71bc06a  Yes (*)     /sdk-extensions/model-compiler/lib/python3.12/site-packages/torch/lib/../../nvidia/cufile/lib/libcufile.so.0
0x00007c35c6dba5c0  0x00007c35c6ef9ce2  Yes (*)     /lib/x86_64-linux-gnu/libstdc++.so.6
0x00007c363fec3780  0x00007c363fee6745  Yes (*)     /lib/x86_64-linux-gnu/libgcc_s.so.1
0x00007c35c6658160  0x00007c35c6a75590  Yes (*)     /sdk-extensions/model-compiler/lib/python3.12/site-packages/torch/lib/../../nvidia/cuda_cupti/lib/libcupti.so.12
0x00007c35af06c450  0x00007c35afb1db72  Yes (*)     /sdk-extensions/model-compiler/lib/python3.12/site-packages/torch/lib/../../nvidia/cusparse/lib/libcusparse.so.12
0x00007c359dc26a70  0x00007c359e08e23a  Yes (*)     /sdk-extensions/model-compiler/lib/python3.12/site-packages/torch/lib/../../nvidia/cufft/lib/libcufft.so.11
0x00007c3585043ba0  0x00007c35851adb22  Yes         /sdk-extensions/model-compiler/lib/python3.12/site-packages/torch/lib/../../nvidia/nccl/lib/libnccl.so.2
0x00007c357c40a970  0x00007c357c529fb2  Yes (*)     /sdk-extensions/model-compiler/lib/python3.12/site-packages/torch/lib/../../nvidia/curand/lib/libcurand.so.10
0x00007c3575231220  0x00007c35757f35c2  Yes (*)     /sdk-extensions/model-compiler/lib/python3.12/site-packages/torch/lib/../../nvidia/cublas/lib/libcublas.so.12
0x00007c3543819ac0  0x00007c354adb5102  Yes (*)     /sdk-extensions/model-compiler/lib/python3.12/site-packages/torch/lib/../../nvidia/cublas/lib/libcublasLt.so.12
0x00007c36402d5040  0x00007c36402d5105  Yes         /lib/x86_64-linux-gnu/libutil.so.1
0x00007c3542756a70  0x00007c3542c3b073  Yes (*)     /sdk-extensions/model-compiler/lib/python3.12/site-packages/numpy/core/_multiarray_umath.cpython-312-x86_64-linux-gnu.so
0x00007c35407c2000  0x00007c3542442c5c  Yes (*)     /sdk-extensions/model-compiler/lib/python3.12/site-packages/numpy/core/../../numpy.libs/libopenblas64_p-r0-0cf96a72.3.23.dev.so
0x00007c354021b870  0x00007c3540446837  Yes (*)     /sdk-extensions/model-compiler/lib/python3.12/site-packages/numpy/core/../../numpy.libs/libgfortran-040039e1.so.5.0.0
0x00007c353fe023e0  0x00007c353fe25d2b  Yes (*)     /sdk-extensions/model-compiler/lib/python3.12/site-packages/numpy/core/../../numpy.libs/libquadmath-96973f99.so.0.0.0
0x00007c364069a0a0  0x00007c364069a1e9  Yes (*)     /usr/lib/python3.12/lib-dynload/_contextvars.cpython-312-x86_64-linux-gnu.so
0x00007c364066de70  0x00007c36406839f9  Yes (*)     /sdk-extensions/model-compiler/lib/python3.12/site-packages/numpy/core/_multiarray_tests.cpython-312-x86_64-linux-gnu.so
0x00007c35e2669c20  0x00007c35e2688df2  Yes (*)     /sdk-extensions/model-compiler/lib/python3.12/site-packages/numpy/linalg/_umath_linalg.cpython-312-x86_64-linux-gnu.so
0x00007c36402bd170  0x00007c36402cfb0a  Yes (*)     /sdk-extensions/model-compiler/lib/python3.12/site-packages/numpy/fft/_pocketfft_internal.cpython-312-x86_64-linux-gnu.so
0x00007c357c3578f0  0x00007c357c3aae14  Yes (*)     /sdk-extensions/model-compiler/lib/python3.12/site-packages/numpy/random/mtrand.cpython-312-x86_64-linux-gnu.so
0x00007c35e2634910  0x00007c35e26541cb  Yes (*)     /sdk-extensions/model-compiler/lib/python3.12/site-packages/numpy/random/bit_generator.cpython-312-x86_64-linux-gnu.so
0x00007c35aee17850  0x00007c35aee46d7b  Yes (*)     /sdk-extensions/model-compiler/lib/python3.12/site-packages/numpy/random/_common.cpython-312-x86_64-linux-gnu.so
0x00007c363fe4cc80  0x00007c363fe51f80  Yes (*)     /usr/lib/python3.12/lib-dynload/_hashlib.cpython-312-x86_64-linux-gnu.so
0x00007c350e3a1000  0x00007c350e6d2202  Yes (*)     /lib/x86_64-linux-gnu/libcrypto.so.3
0x00007c359dab2850  0x00007c359daf4e2f  Yes (*)     /sdk-extensions/model-compiler/lib/python3.12/site-packages/numpy/random/_bounded_integers.cpython-312-x86_64-linux-gnu.so
0x00007c3584ee85e0  0x00007c3584ef8912  Yes (*)     /sdk-extensions/model-compiler/lib/python3.12/site-packages/numpy/random/_mt19937.cpython-312-x86_64-linux-gnu.so
0x00007c3584ed0610  0x00007c3584ede3ec  Yes (*)     /sdk-extensions/model-compiler/lib/python3.12/site-packages/numpy/random/_philox.cpython-312-x86_64-linux-gnu.so
0x00007c3584eb4600  0x00007c3584ec5ccb  Yes (*)     /sdk-extensions/model-compiler/lib/python3.12/site-packages/numpy/random/_pcg64.cpython-312-x86_64-linux-gnu.so
0x00007c35c640c590  0x00007c35c641424a  Yes (*)     /sdk-extensions/model-compiler/lib/python3.12/site-packages/numpy/random/_sfc64.cpython-312-x86_64-linux-gnu.so
0x00007c354012bca0  0x00007c35401a6187  Yes (*)     /sdk-extensions/model-compiler/lib/python3.12/site-packages/numpy/random/_generator.cpython-312-x86_64-linux-gnu.so
0x00007c364065f6e0  0x00007c3640661917  Yes (*)     /usr/lib/python3.12/lib-dynload/mmap.cpython-312-x86_64-linux-gnu.so
0x00007c36402b7480  0x00007c36402b8316  Yes (*)     /usr/lib/python3.12/lib-dynload/_queue.cpython-312-x86_64-linux-gnu.so
0x00007c363fe9c850  0x00007c363fea6803  Yes (*)     /usr/lib/python3.12/lib-dynload/_ssl.cpython-312-x86_64-linux-gnu.so
0x00007c354009bed0  0x00007c35400f9702  Yes (*)     /lib/x86_64-linux-gnu/libssl.so.3
0x00007c363fe83560  0x00007c363fe847b1  Yes (*)     /usr/lib/python3.12/lib-dynload/_multiprocessing.cpython-312-x86_64-linux-gnu.so
0x00007c363fe7d240  0x00007c363fe7d5d0  Yes (*)     /usr/lib/python3.12/lib-dynload/_posixshmem.cpython-312-x86_64-linux-gnu.so
0x00007c363fe67a20  0x00007c363fe6f8d0  Yes (*)     /usr/lib/python3.12/lib-dynload/_asyncio.cpython-312-x86_64-linux-gnu.so
0x00007c357c33e8c0  0x00007c357c34e1d2  Yes (*)     /sdk-extensions/model-compiler/lib/python3.12/site-packages/tensorflow/python/platform/_pywrap_cpu_feature_guard.so
0x00007c350b069f80  0x00007c350c66e2c0  Yes         /sdk-extensions/model-compiler/lib/python3.12/site-packages/tensorflow/python/platform/../../libtensorflow_framework.so.2
0x00007c3504f0ffa0  0x00007c3504fed59a  Yes         /sdk-extensions/model-compiler/lib/python3.12/site-packages/tensorflow/python/platform/../_pywrap_tensorflow_internal.so
0x00007c34f0d70f40  0x00007c35044add6f  Yes         /sdk-extensions/model-compiler/lib/python3.12/site-packages/tensorflow/python/platform/../../libtensorflow_cc.so.2
0x00007c35400560f0  0x00007c3540072928  Yes         /sdk-extensions/model-compiler/lib/python3.12/site-packages/tensorflow/python/platform/_pywrap_tf2.so
0x00007c363fe5c560  0x00007c363fe5d53c  Yes (*)     /usr/lib/python3.12/lib-dynload/termios.cpython-312-x86_64-linux-gnu.so
0x00007c353f4be800  0x00007c353f4e54b8  Yes (*)     /sdk-extensions/model-compiler/lib/python3.12/site-packages/google/_upb/_message.abi3.so
0x00007c353f44e050  0x00007c353f4ac73b  Yes         /sdk-extensions/model-compiler/lib/python3.12/site-packages/tensorflow/python/_pywrap_tfe.so
0x00007c34d1c29640  0x00007c34d1d5bdf8  Yes         /sdk-extensions/model-compiler/lib/python3.12/site-packages/tensorflow/python/client/_pywrap_tf_session.so
0x00007c353caba1f0  0x00007c353caf7558  Yes         /sdk-extensions/model-compiler/lib/python3.12/site-packages/tensorflow/python/util/_tf_stack.so
0x00007c353ca79150  0x00007c353ca97ba1  Yes (*)     /sdk-extensions/model-compiler/lib/python3.12/site-packages/tensorflow/python/_pywrap_py_exception_registry.so
0x00007c353a063650  0x00007c353a0e0e39  Yes         /sdk-extensions/model-compiler/lib/python3.12/site-packages/ml_dtypes/_ml_dtypes_ext.cpython-312-x86_64-linux-gnu.so
0x00007c357c319020  0x00007c357c330e31  Yes (*)     /sdk-extensions/model-compiler/lib/python3.12/site-packages/tensorflow/python/framework/_dtypes.so
0x00007c3540696930  0x00007c35406a64de  Yes (*)     /sdk-extensions/model-compiler/lib/python3.12/site-packages/tensorflow/python/util/_pywrap_nest.so
0x00007c353ca50f80  0x00007c353ca647b1  Yes         /sdk-extensions/model-compiler/lib/python3.12/site-packages/tensorflow/python/util/_pywrap_utils.so
0x00007c353f409680  0x00007c353f41506c  Yes         /sdk-extensions/model-compiler/lib/python3.12/site-packages/wrapt/_wrappers.cpython-312-x86_64-linux-gnu.so
0x00007c353ca272e0  0x00007c353ca3c10f  Yes         /sdk-extensions/model-compiler/lib/python3.12/site-packages/tensorflow/python/profiler/internal/_pywrap_traceme.so
0x00007c353a0439f0  0x00007c353a059b81  Yes         /sdk-extensions/model-compiler/lib/python3.12/site-packages/tensorflow/python/flags_pybind.so
0x00007c353a020a80  0x00007c353a0306d8  Yes (*)     /sdk-extensions/model-compiler/lib/python3.12/site-packages/tensorflow/python/util/_pywrap_determinism.so
0x00007c3536eeaad0  0x00007c3536efa728  Yes (*)     /sdk-extensions/model-compiler/lib/python3.12/site-packages/tensorflow/python/util/_pywrap_tensor_float_32_execution.so
0x00007c34d1791ce0  0x00007c34d1891028  Yes         /sdk-extensions/model-compiler/lib/python3.12/site-packages/tensorflow/python/_pywrap_dtensor_device.so
0x00007c3536ec53e0  0x00007c3536eda748  Yes         /sdk-extensions/model-compiler/lib/python3.12/site-packages/tensorflow/python/framework/_op_def_registry.so
0x00007c3536e8bb50  0x00007c3536eae638  Yes         /sdk-extensions/model-compiler/lib/python3.12/site-packages/tensorflow/python/framework/_op_def_library_pybind.so
0x00007c3536e4ad30  0x00007c3536e71549  Yes         /sdk-extensions/model-compiler/lib/python3.12/site-packages/tensorflow/python/framework/_pywrap_python_api_dispatcher.so
0x00007c3536e19820  0x00007c3536e2f478  Yes         /sdk-extensions/model-compiler/lib/python3.12/site-packages/tensorflow/python/client/_pywrap_device_lib.so
0x00007c3531cd4d60  0x00007c3531cf7038  Yes         /sdk-extensions/model-compiler/lib/python3.12/site-packages/tensorflow/python/lib/io/_pywrap_record_io.so
0x00007c3531c9e440  0x00007c3531cb8968  Yes         /sdk-extensions/model-compiler/lib/python3.12/site-packages/tensorflow/python/framework/_proto_comparators.so
0x00007c3531c36ce0  0x00007c3531c755fe  Yes (*)     /usr/lib/python3.12/lib-dynload/_decimal.cpython-312-x86_64-linux-gnu.so
0x00007c352cad63e0  0x00007c352caf7678  Yes         /sdk-extensions/model-compiler/lib/python3.12/site-packages/tensorflow/python/_pywrap_parallel_device.so
0x00007c34cfb39e20  0x00007c34cfc1bf18  Yes         /sdk-extensions/model-compiler/lib/python3.12/site-packages/tensorflow/python/data/experimental/service/_pywrap_server_lib.so
0x00007c34cf852300  0x00007c34cfab81c8  Yes         /sdk-extensions/model-compiler/lib/python3.12/site-packages/tensorflow/python/data/experimental/service/_pywrap_utils_exp.so
0x00007c352ca95bc0  0x00007c352cab9ee8  Yes         /sdk-extensions/model-compiler/lib/python3.12/site-packages/tensorflow/python/lib/io/_pywrap_file_io.so
0x00007c34cf3f7c00  0x00007c34cf4d9d58  Yes         /sdk-extensions/model-compiler/lib/python3.12/site-packages/tensorflow/python/saved_model/pywrap_saved_model.so
0x00007c352ca5e080  0x00007c352ca79918  Yes         /sdk-extensions/model-compiler/lib/python3.12/site-packages/tensorflow/python/util/_pywrap_checkpoint_reader.so
0x00007c3531c1b7f0  0x00007c3531c2b14e  Yes (*)     /sdk-extensions/model-compiler/lib/python3.12/site-packages/tensorflow/python/lib/core/_pywrap_py_func.so
0x00007c34ced11b50  0x00007c34cf12e358  Yes         /sdk-extensions/model-compiler/lib/python3.12/site-packages/tensorflow/python/profiler/internal/_pywrap_profiler.so
0x00007c34cde08640  0x00007c34ce570c13  Yes (*)     /sdk-extensions/model-compiler/lib/python3.12/site-packages/cryptography/hazmat/bindings/_rust.abi3.so
0x00007c352a0bc000  0x00007c352a0ea554  Yes (*)     /sdk-extensions/model-compiler/lib/python3.12/site-packages/_cffi_backend.cpython-312-x86_64-linux-gnu.so
0x00007c352a054260  0x00007c352a0aa6a3  Yes (*)     /sdk-extensions/model-compiler/lib/python3.12/site-packages/bcrypt/_bcrypt.abi3.so
0x00007c352ca36880  0x00007c352ca4683c  Yes (*)     /sdk-extensions/model-compiler/lib/python3.12/site-packages/tensorflow/python/_pywrap_sanitizers.so
0x00007c352ca19780  0x00007c352ca29ab1  Yes         /sdk-extensions/model-compiler/lib/python3.12/site-packages/tensorflow/python/framework/_test_metrics_util.so
0x00007c352a0218b0  0x00007c352a0311c2  Yes (*)     /sdk-extensions/model-compiler/lib/python3.12/site-packages/tensorflow/python/platform/_pywrap_stacktrace_handler.so
0x00007c35276df690  0x00007c35276f8808  Yes         /sdk-extensions/model-compiler/lib/python3.12/site-packages/tensorflow/python/util/_pywrap_util_port.so
0x00007c35276ac460  0x00007c35276c7718  Yes         /sdk-extensions/model-compiler/lib/python3.12/site-packages/tensorflow/python/client/_pywrap_events_writer.so
0x00007c3527678c60  0x00007c3527692da8  Yes         /sdk-extensions/model-compiler/lib/python3.12/site-packages/tensorflow/compiler/tf2tensorrt/_pywrap_py_utils.so
0x00007c34ccb80a40  0x00007c34ccc5ced8  Yes         /sdk-extensions/model-compiler/lib/python3.12/site-packages/tensorflow/python/grappler/_pywrap_tf_optimizer.so
0x00007c3527636200  0x00007c352765bd88  Yes         /sdk-extensions/model-compiler/lib/python3.12/site-packages/tensorflow/python/grappler/_pywrap_tf_cluster.so
0x00007c34cc572880  0x00007c34cc58d5f9  Yes (*)     /sdk-extensions/model-compiler/lib/python3.12/site-packages/charset_normalizer/cd.cpython-312-x86_64-linux-gnu.so
0x00007c3524cc2840  0x00007c3524cefb96  Yes (*)     /sdk-extensions/model-compiler/lib/python3.12/site-packages/charset_normalizer/md.cpython-312-x86_64-linux-gnu.so
0x00007c3524c7c2a0  0x00007c3524c80087  Yes (*)     /usr/lib/python3.12/lib-dynload/_codecs_jp.cpython-312-x86_64-linux-gnu.so
0x00007c3524c51300  0x00007c3524c524d9  Yes (*)     /usr/lib/python3.12/lib-dynload/_codecs_hk.cpython-312-x86_64-linux-gnu.so
0x00007c3524c2d280  0x00007c3524c2eb17  Yes (*)     /usr/lib/python3.12/lib-dynload/_codecs_kr.cpython-312-x86_64-linux-gnu.so
0x00007c3527604280  0x00007c3527605167  Yes (*)     /usr/lib/python3.12/lib-dynload/_codecs_tw.cpython-312-x86_64-linux-gnu.so
0x00007c3524c06280  0x00007c3524c07d6a  Yes (*)     /usr/lib/python3.12/lib-dynload/_codecs_cn.cpython-312-x86_64-linux-gnu.so
0x00007c363fe40300  0x00007c363fe44396  Yes (*)     /usr/lib/python3.12/lib-dynload/_codecs_iso2022.cpython-312-x86_64-linux-gnu.so
0x00007c35e26249c0  0x00007c35e262a8f0  Yes (*)     /usr/lib/python3.12/lib-dynload/_multibytecodec.cpython-312-x86_64-linux-gnu.so
0x00007c35202e36f0  0x00007c35202f30ab  Yes         /sdk-extensions/model-compiler/lib/python3.12/site-packages/h5py/_errors.cpython-312-x86_64-linux-gnu.so
0x00007c34cbe55a40  0x00007c34cc24ae12  Yes (*)     /sdk-extensions/model-compiler/lib/python3.12/site-packages/h5py/../h5py.libs/libhdf5-9e18f0c6.so.320.0.0
0x00007c35202b8b00  0x00007c35202d00a5  Yes (*)     /sdk-extensions/model-compiler/lib/python3.12/site-packages/h5py/../h5py.libs/libhdf5_hl-69da89c9.so.320.0.0
0x00007c35aee06180  0x00007c35aee0d3f5  Yes (*)     /sdk-extensions/model-compiler/lib/python3.12/site-packages/h5py/../h5py.libs/libsz-c6be10dd.so.2.0.1
0x00007c3584ea5140  0x00007c3584eabc35  Yes (*)     /sdk-extensions/model-compiler/lib/python3.12/site-packages/h5py/../h5py.libs/libaec-a27cf049.so.0.1.4
0x00007c3520287830  0x00007c35202a4609  Yes         /sdk-extensions/model-compiler/lib/python3.12/site-packages/h5py/h5.cpython-312-x86_64-linux-gnu.so
0x00007c352022fd00  0x00007c352026b801  Yes         /sdk-extensions/model-compiler/lib/python3.12/site-packages/h5py/defs.cpython-312-x86_64-linux-gnu.so
0x00007c351d8c2a20  0x00007c351d8ededb  Yes         /sdk-extensions/model-compiler/lib/python3.12/site-packages/h5py/_objects.cpython-312-x86_64-linux-gnu.so
0x00007c351d86eaf0  0x00007c351d8a71ce  Yes         /sdk-extensions/model-compiler/lib/python3.12/site-packages/h5py/_conv.cpython-312-x86_64-linux-gnu.so
0x00007c3520204800  0x00007c3520216b2a  Yes         /sdk-extensions/model-compiler/lib/python3.12/site-packages/h5py/h5r.cpython-312-x86_64-linux-gnu.so
0x00007c351ae699b0  0x00007c351aede9e5  Yes         /sdk-extensions/model-compiler/lib/python3.12/site-packages/h5py/h5p.cpython-312-x86_64-linux-gnu.so
0x00007c3517c54ad0  0x00007c3517cdf8b6  Yes         /sdk-extensions/model-compiler/lib/python3.12/site-packages/h5py/h5t.cpython-312-x86_64-linux-gnu.so
0x00007c351d84d7d0  0x00007c351d85dce4  Yes         /sdk-extensions/model-compiler/lib/python3.12/site-packages/h5py/utils.cpython-312-x86_64-linux-gnu.so
0x00007c351d814820  0x00007c351d83a215  Yes         /sdk-extensions/model-compiler/lib/python3.12/site-packages/h5py/h5s.cpython-312-x86_64-linux-gnu.so
0x00007c351ae3f700  0x00007c351ae500ea  Yes         /sdk-extensions/model-compiler/lib/python3.12/site-packages/h5py/h5ac.cpython-312-x86_64-linux-gnu.so
0x00007c353ca03630  0x00007c353ca1118f  Yes         /sdk-extensions/model-compiler/lib/python3.12/site-packages/h5py/_proxy.cpython-312-x86_64-linux-gnu.so
0x00007c351ae22760  0x00007c351ae31745  Yes         /sdk-extensions/model-compiler/lib/python3.12/site-packages/h5py/h5z.cpython-312-x86_64-linux-gnu.so
0x00007c3517c15840  0x00007c3517c3a9c2  Yes         /sdk-extensions/model-compiler/lib/python3.12/site-packages/h5py/h5a.cpython-312-x86_64-linux-gnu.so
0x00007c3515299aa0  0x00007c35152e6223  Yes         /sdk-extensions/model-compiler/lib/python3.12/site-packages/h5py/h5d.cpython-312-x86_64-linux-gnu.so
0x00007c351526f820  0x00007c35152867b3  Yes         /sdk-extensions/model-compiler/lib/python3.12/site-packages/h5py/h5ds.cpython-312-x86_64-linux-gnu.so
0x00007c351522f890  0x00007c351525aa95  Yes         /sdk-extensions/model-compiler/lib/python3.12/site-packages/h5py/h5f.cpython-312-x86_64-linux-gnu.so
0x00007c35108bc8f0  0x00007c35108ecc8a  Yes         /sdk-extensions/model-compiler/lib/python3.12/site-packages/h5py/h5g.cpython-312-x86_64-linux-gnu.so
0x00007c351520e7a0  0x00007c351521f970  Yes         /sdk-extensions/model-compiler/lib/python3.12/site-packages/h5py/h5i.cpython-312-x86_64-linux-gnu.so
0x00007c3510880830  0x00007c35108a5b98  Yes         /sdk-extensions/model-compiler/lib/python3.12/site-packages/h5py/h5o.cpython-312-x86_64-linux-gnu.so
0x00007c351083c9f0  0x00007c3510869867  Yes         /sdk-extensions/model-compiler/lib/python3.12/site-packages/h5py/h5fd.cpython-312-x86_64-linux-gnu.so
0x00007c351ae076a0  0x00007c351ae14dca  Yes         /sdk-extensions/model-compiler/lib/python3.12/site-packages/h5py/h5pl.cpython-312-x86_64-linux-gnu.so
0x00007c351080b830  0x00007c35108298b6  Yes         /sdk-extensions/model-compiler/lib/python3.12/site-packages/h5py/h5l.cpython-312-x86_64-linux-gnu.so
0x00007c350d4aba40  0x00007c350d4dab41  Yes         /sdk-extensions/model-compiler/lib/python3.12/site-packages/h5py/_selector.cpython-312-x86_64-linux-gnu.so
0x00007c353a0047c0  0x00007c353a011d16  Yes (*)     /sdk-extensions/model-compiler/lib/python3.12/site-packages/scipy/_lib/_ccallback_c.cpython-312-x86_64-linux-gnu.so
0x00007c34cb802450  0x00007c34cbba336a  Yes (*)     /sdk-extensions/model-compiler/lib/python3.12/site-packages/scipy/sparse/_sparsetools.cpython-312-x86_64-linux-gnu.so
0x00007c34cb64fa30  0x00007c34cb6ea9d8  Yes (*)     /sdk-extensions/model-compiler/lib/python3.12/site-packages/scipy/sparse/_csparsetools.cpython-312-x86_64-linux-gnu.so
0x00007c34cb597b00  0x00007c34cb5d9142  Yes (*)     /sdk-extensions/model-compiler/lib/python3.12/site-packages/scipy/linalg/_fblas.cpython-312-x86_64-linux-gnu.so
0x00007c34c9524000  0x00007c34cb19a8ed  Yes (*)     /sdk-extensions/model-compiler/lib/python3.12/site-packages/scipy/linalg/../../scipy.libs/libscipy_openblas-c128ec02.so
0x00007c34c8e1b870  0x00007c34c9046837  Yes (*)     /sdk-extensions/model-compiler/lib/python3.12/site-packages/scipy/linalg/../../scipy.libs/libgfortran-040039e1-0352e75f.so.5.0.0
0x00007c34c8a023e0  0x00007c34c8a25d2b  Yes (*)     /sdk-extensions/model-compiler/lib/python3.12/site-packages/scipy/linalg/../../scipy.libs/libquadmath-96973f99-934c22de.so.0.0.0
0x00007c3497008b50  0x00007c34970ca9e2  Yes (*)     /sdk-extensions/model-compiler/lib/python3.12/site-packages/scipy/linalg/_flapack.cpython-312-x86_64-linux-gnu.so
0x00007c350d4229e0  0x00007c350d491d3f  Yes (*)     /sdk-extensions/model-compiler/lib/python3.12/site-packages/scipy/linalg/_cythonized_array_utils.cpython-312-x86_64-linux-gnu.so
0x00007c34c937f300  0x00007c34c9397a4a  Yes (*)     /sdk-extensions/model-compiler/lib/python3.12/site-packages/scipy/linalg/cython_lapack.cpython-312-x86_64-linux-gnu.so
0x00007c34c93229a0  0x00007c34c9351b37  Yes (*)     /sdk-extensions/model-compiler/lib/python3.12/site-packages/scipy/linalg/_solve_toeplitz.cpython-312-x86_64-linux-gnu.so
0x00007c34c92e5910  0x00007c34c931051a  Yes (*)     /sdk-extensions/model-compiler/lib/python3.12/site-packages/scipy/linalg/_decomp_lu_cython.cpython-312-x86_64-linux-gnu.so
0x00007c34c8cc8960  0x00007c34c8cf340a  Yes (*)     /sdk-extensions/model-compiler/lib/python3.12/site-packages/scipy/linalg/_matfuncs_sqrtm_triu.cpython-312-x86_64-linux-gnu.so
0x00007c34c8c54a60  0x00007c34c8cb25ef  Yes (*)     /sdk-extensions/model-compiler/lib/python3.12/site-packages/scipy/linalg/_matfuncs_expm.cpython-312-x86_64-linux-gnu.so
0x00007c3496f82290  0x00007c3496fac08a  Yes (*)     /sdk-extensions/model-compiler/lib/python3.12/site-packages/scipy/linalg/cython_blas.cpython-312-x86_64-linux-gnu.so
0x00007c3496f28770  0x00007c3496f669c8  Yes (*)     /sdk-extensions/model-compiler/lib/python3.12/site-packages/scipy/linalg/_decomp_update.cpython-312-x86_64-linux-gnu.so
0x00007c3496e9dad0  0x00007c3496eefad5  Yes (*)     /sdk-extensions/model-compiler/lib/python3.12/site-packages/scipy/sparse/linalg/_dsolve/_superlu.cpython-312-x86_64-linux-gnu.so
0x00007c3496de6bb0  0x00007c3496e36002  Yes (*)     /sdk-extensions/model-compiler/lib/python3.12/site-packages/scipy/sparse/linalg/_eigen/arpack/_arpack.cpython-312-x86_64-linux-gnu.so
0x00007c3496d7cb90  0x00007c3496d90cd2  Yes (*)     /sdk-extensions/model-compiler/lib/python3.12/site-packages/scipy/sparse/linalg/_propack/_spropack.cpython-312-x86_64-linux-gnu.so
0x00007c3496d13b90  0x00007c3496d276f2  Yes (*)     /sdk-extensions/model-compiler/lib/python3.12/site-packages/scipy/sparse/linalg/_propack/_dpropack.cpython-312-x86_64-linux-gnu.so
0x00007c3496c88bf0  0x00007c3496ca2e92  Yes (*)     /sdk-extensions/model-compiler/lib/python3.12/site-packages/scipy/sparse/linalg/_propack/_cpropack.cpython-312-x86_64-linux-gnu.so
0x00007c3496be4bf0  0x00007c3496bfc832  Yes (*)     /sdk-extensions/model-compiler/lib/python3.12/site-packages/scipy/sparse/linalg/_propack/_zpropack.cpython-312-x86_64-linux-gnu.so
0x00007c3496b4e990  0x00007c3496ba7640  Yes (*)     /sdk-extensions/model-compiler/lib/python3.12/site-packages/scipy/sparse/csgraph/_shortest_path.cpython-312-x86_64-linux-gnu.so
0x00007c34c92b7690  0x00007c34c92d22f7  Yes (*)     /sdk-extensions/model-compiler/lib/python3.12/site-packages/scipy/sparse/csgraph/_tools.cpython-312-x86_64-linux-gnu.so
0x00007c3496abb990  0x00007c3496b33bfe  Yes (*)     /sdk-extensions/model-compiler/lib/python3.12/site-packages/scipy/sparse/csgraph/_traversal.cpython-312-x86_64-linux-gnu.so
0x00007c3496a828e0  0x00007c3496aa858c  Yes (*)     /sdk-extensions/model-compiler/lib/python3.12/site-packages/scipy/sparse/csgraph/_min_spanning_tree.cpython-312-x86_64-linux-gnu.so
0x00007c3496a38910  0x00007c3496a6c199  Yes (*)     /sdk-extensions/model-compiler/lib/python3.12/site-packages/scipy/sparse/csgraph/_flow.cpython-312-x86_64-linux-gnu.so
0x00007c34969ec8f0  0x00007c3496a20aff  Yes (*)     /sdk-extensions/model-compiler/lib/python3.12/site-packages/scipy/sparse/csgraph/_matching.cpython-312-x86_64-linux-gnu.so
0x00007c34969a4960  0x00007c34969d86dc  Yes (*)     /sdk-extensions/model-compiler/lib/python3.12/site-packages/scipy/sparse/csgraph/_reordering.cpython-312-x86_64-linux-gnu.so
0x00007c349688a490  0x00007c349689b5e1  Yes         /sdk-extensions/model-compiler/lib/python3.12/site-packages/tensorflow/python/util/fast_module_type.so
0x00007c349675e980  0x00007c3496777d48  Yes         /sdk-extensions/model-compiler/lib/python3.12/site-packages/tensorflow/python/client/_pywrap_debug_events_writer.so
0x00007c3496639d90  0x00007c34966498e1  Yes (*)     /sdk-extensions/model-compiler/lib/python3.12/site-packages/tensorflow/python/framework/_pywrap_python_op_gen.so
0x00007c3496515400  0x00007c3496528c61  Yes         /sdk-extensions/model-compiler/lib/python3.12/site-packages/tensorflow/compiler/mlir/lite/python/_pywrap_converter_api.so
0x00007c34964e35d0  0x00007c34964ffcd1  Yes         /sdk-extensions/model-compiler/lib/python3.12/site-packages/tensorflow/compiler/mlir/quantization/tensorflow/python/pywrap_function_lib.so
0x00007c35750fc060  0x00007c35750fc1b5  Yes (*)     /sdk-extensions/model-compiler/lib/python3.12/site-packages/jaxlib/cpu_feature_guard.so
0x00007c34961ad8f0  0x00007c34961c4c08  Yes         /sdk-extensions/model-compiler/lib/python3.12/site-packages/jaxlib/utils.so
0x00007c348a582900  0x00007c3493cd214f  Yes         /sdk-extensions/model-compiler/lib/python3.12/site-packages/jaxlib/xla_extension.so
0x00007c3489d35a70  0x00007c3489de1a88  Yes         /sdk-extensions/model-compiler/lib/python3.12/site-packages/jaxlib/cpu/_lapack.so
0x00007c3489c27b70  0x00007c3489ce7c2f  Yes (*)     /sdk-extensions/model-compiler/lib/python3.12/site-packages/jaxlib/mlir/_mlir_libs/_mlir.so
0x00007c348710f400  0x00007c34890aee0a  Yes         /sdk-extensions/model-compiler/lib/python3.12/site-packages/jaxlib/mlir/_mlir_libs/libjaxlib_mlir_capi.so
0x00007c3486ce6f20  0x00007c3486d0facc  Yes (*)     /sdk-extensions/model-compiler/lib/python3.12/site-packages/jaxlib/mlir/_mlir_libs/_stablehlo.so
0x00007c3486cbf850  0x00007c3486cd3f3f  Yes (*)     /sdk-extensions/model-compiler/lib/python3.12/site-packages/jaxlib/mlir/_mlir_libs/_mosaic_gpu_ext.so
0x00007c3486b6e0b0  0x00007c3486ba2698  Yes         /sdk-extensions/model-compiler/lib/python3.12/site-packages/jaxlib/mlir/_mlir_libs/_tpu_ext.so
0x00007c3486a4b7b0  0x00007c3486a5a23c  Yes (*)     /sdk-extensions/model-compiler/lib/python3.12/site-packages/jaxlib/mlir/_mlir_libs/register_jax_dialects.so
0x00007c3486a1fb00  0x00007c3486a3aeac  Yes (*)     /sdk-extensions/model-compiler/lib/python3.12/site-packages/jaxlib/mlir/_mlir_libs/_sdy.so
0x00007c34866fe9c0  0x00007c348670e51e  Yes (*)     /usr/lib/python3.12/lib-dynload/_sqlite3.cpython-312-x86_64-linux-gnu.so
0x00007c34865ae660  0x00007c34866b8446  Yes (*)     /lib/x86_64-linux-gnu/libsqlite3.so.0
0x00007c348636f8d0  0x00007c3486383fac  Yes (*)     /sdk-extensions/model-compiler/lib/python3.12/site-packages/jaxlib/mlir/_mlir_libs/_chlo.so
0x00007c3485c8dc60  0x00007c3485d5ff8a  Yes         /sdk-extensions/model-compiler/lib/python3.12/site-packages/tensorflow/lite/python/metrics/_pywrap_tensorflow_lite_metrics_wrapper.so
0x00007c3485ba01b0  0x00007c3485c2ed0a  Yes (*)     /sdk-extensions/model-compiler/lib/python3.12/site-packages/tensorflow/lite/experimental/microfrontend/python/ops/_audio_microfrontend_op.so
0x00007c34855e9660  0x00007c3485a4c258  Yes         /sdk-extensions/model-compiler/lib/python3.12/site-packages/tensorflow/lite/python/interpreter_wrapper/_pywrap_tensorflow_interpreter_wrapper.so
0x00007c348552e750  0x00007c3485556b88  Yes         /sdk-extensions/model-compiler/lib/python3.12/site-packages/tensorflow/lite/python/analyzer_wrapper/_pywrap_analyzer_wrapper.so
0x00007c34854f8dc0  0x00007c348550de31  Yes         /sdk-extensions/model-compiler/lib/python3.12/site-packages/tensorflow/python/_pywrap_mlir.so
0x00007c34854d3640  0x00007c34854e5001  Yes         /sdk-extensions/model-compiler/lib/python3.12/site-packages/tensorflow/python/util/_pywrap_tfprof.so
0x00007c34853c51e0  0x00007c34854b20f8  Yes         /sdk-extensions/model-compiler/lib/python3.12/site-packages/tensorflow/compiler/mlir/quantization/tensorflow/python/pywrap_quantize_model.so
0x00007c3485062340  0x00007c3485155508  Yes         /sdk-extensions/model-compiler/lib/python3.12/site-packages/tensorflow/python/tpu/_pywrap_sparse_core_layout.so
0x00007c3484fe3540  0x00007c3484ff8da8  Yes         /sdk-extensions/model-compiler/lib/python3.12/site-packages/tensorflow/python/_pywrap_quantize_training.so
0x00007c3484cde5c0  0x00007c3484dbcf78  Yes         /sdk-extensions/model-compiler/lib/python3.12/site-packages/tensorflow/core/kernels/libtfkernel_sobol_op.so
0x00007c34848ceec0  0x00007c348497a9fd  Yes (*)     /sdk-extensions/model-compiler/lib/python3.12/site-packages/optree/_C.cpython-312-x86_64-linux-gnu.so
0x00007c3484612a80  0x00007c348469fe5c  Yes         /sdk-extensions/model-compiler/lib/python3.12/site-packages/PIL/_imaging.cpython-312-x86_64-linux-gnu.so
0x00007c348454ec90  0x00007c34845c24e3  Yes (*)     /sdk-extensions/model-compiler/lib/python3.12/site-packages/PIL/../pillow.libs/libtiff-fc87e79d.so.6.2.0
0x00007c34844817c0  0x00007c34845182e5  Yes (*)     /sdk-extensions/model-compiler/lib/python3.12/site-packages/PIL/../pillow.libs/libjpeg-31e2ca52.so.62.4.0
0x00007c34843f4e90  0x00007c34844626ae  Yes (*)     /sdk-extensions/model-compiler/lib/python3.12/site-packages/PIL/../pillow.libs/libopenjp2-b07f72ad.so.2.5.4
0x00007c34843b5740  0x00007c34843cf8f4  Yes (*)     /sdk-extensions/model-compiler/lib/python3.12/site-packages/PIL/../pillow.libs/libxcb-ad31f5a3.so.1.1.0
0x00007c34841f6740  0x00007c348438526c  Yes (*)     /sdk-extensions/model-compiler/lib/python3.12/site-packages/PIL/../pillow.libs/libzstd-44be1190.so.1.5.7
0x00007c34841b3590  0x00007c34841dfc6e  Yes (*)     /sdk-extensions/model-compiler/lib/python3.12/site-packages/PIL/../pillow.libs/liblzma-2be87c3e.so.5.8.3
0x00007c3483e00ff0  0x00007c3483e01cd2  Yes (*)     /sdk-extensions/model-compiler/lib/python3.12/site-packages/PIL/../pillow.libs/libXau-154567c4.so.6.0.0
0x00007c35750f7360  0x00007c35750f7e59  Yes (*)     /usr/lib/python3.12/lib-dynload/resource.cpython-312-x86_64-linux-gnu.so
0x00007c3536e03570  0x00007c3536e05e16  Yes         /sdk-extensions/model-compiler/lib/python3.12/site-packages/psutil/_psutil_linux.abi3.so
0x00007c348357a700  0x00007c3483812a29  Yes (*)     /sdk-extensions/model-compiler/lib/python3.12/site-packages/pyarrow/lib.cpython-312-x86_64-linux-gnu.so
0x00007c34833e4cc0  0x00007c34834e65b8  Yes (*)     /sdk-extensions/model-compiler/lib/python3.12/site-packages/pyarrow/libarrow_python.so.2500
0x00007c3482fd2580  0x00007c34832cb5a2  Yes (*)     /sdk-extensions/model-compiler/lib/python3.12/site-packages/pyarrow/libarrow_substrait.so.2500
0x00007c3482e5f480  0x00007c3482f397a7  Yes (*)     /sdk-extensions/model-compiler/lib/python3.12/site-packages/pyarrow/libarrow_dataset.so.2500
0x00007c34825fa300  0x00007c3482ba10c2  Yes (*)     /sdk-extensions/model-compiler/lib/python3.12/site-packages/pyarrow/libparquet.so.2500
0x00007c3482316180  0x00007c34823fe588  Yes (*)     /sdk-extensions/model-compiler/lib/python3.12/site-packages/pyarrow/libarrow_acero.so.2500
0x00007c34815c5300  0x00007c34820ac4a5  Yes (*)     /sdk-extensions/model-compiler/lib/python3.12/site-packages/pyarrow/libarrow_compute.so.2500
0x00007c347ec49240  0x00007c34809c13e0  Yes (*)     /sdk-extensions/model-compiler/lib/python3.12/site-packages/pyarrow/libarrow.so.2500
0x00007c3531c082c0  0x00007c3531c0d9ac  Yes (*)     /sdk-extensions/model-compiler/lib/python3.12/site-packages/pandas/_libs/pandas_parser.cpython-312-x86_64-linux-gnu.so
0x00007c352ca01220  0x00007c352ca0650b  Yes (*)     /sdk-extensions/model-compiler/lib/python3.12/site-packages/pandas/_libs/pandas_datetime.cpython-312-x86_64-linux-gnu.so
0x00007c347d3ce9c0  0x00007c347d49dfc0  Yes (*)     /sdk-extensions/model-compiler/lib/python3.12/site-packages/pandas/_libs/interval.cpython-312-x86_64-linux-gnu.so
0x00007c347d188a40  0x00007c347d37cf23  Yes (*)     /sdk-extensions/model-compiler/lib/python3.12/site-packages/pandas/_libs/hashtable.cpython-312-x86_64-linux-gnu.so
0x00007c3484087900  0x00007c34840a4ab9  Yes (*)     /sdk-extensions/model-compiler/lib/python3.12/site-packages/pandas/_libs/missing.cpython-312-x86_64-linux-gnu.so
0x00007c348405f880  0x00007c3484079acf  Yes (*)     /sdk-extensions/model-compiler/lib/python3.12/site-packages/pandas/_libs/tslibs/dtypes.cpython-312-x86_64-linux-gnu.so
0x00007c352a003600  0x00007c352a01169b  Yes (*)     /sdk-extensions/model-compiler/lib/python3.12/site-packages/pandas/_libs/tslibs/ccalendar.cpython-312-x86_64-linux-gnu.so
0x00007c3484031900  0x00007c348405190e  Yes (*)     /sdk-extensions/model-compiler/lib/python3.12/site-packages/pandas/_libs/_cyutility.cpython-312-x86_64-linux-gnu.so
0x00007c348400f740  0x00007c34840243c5  Yes (*)     /sdk-extensions/model-compiler/lib/python3.12/site-packages/pandas/_libs/tslibs/np_datetime.cpython-312-x86_64-linux-gnu.so
0x00007c347d1558a0  0x00007c347d16fd6f  Yes (*)     /sdk-extensions/model-compiler/lib/python3.12/site-packages/pandas/_libs/tslibs/conversion.cpython-312-x86_64-linux-gnu.so
0x00007c351d804660  0x00007c351d80abb7  Yes (*)     /sdk-extensions/model-compiler/lib/python3.12/site-packages/pandas/_libs/tslibs/base.cpython-312-x86_64-linux-gnu.so
0x00007c347d05ec00  0x00007c347d11512a  Yes (*)     /sdk-extensions/model-compiler/lib/python3.12/site-packages/pandas/_libs/tslibs/offsets.cpython-312-x86_64-linux-gnu.so
0x00007c347cee3a60  0x00007c347cf2e885  Yes (*)     /sdk-extensions/model-compiler/lib/python3.12/site-packages/pandas/_libs/tslibs/timestamps.cpython-312-x86_64-linux-gnu.so
0x00007c347ceb1820  0x00007c347cecec2c  Yes (*)     /sdk-extensions/model-compiler/lib/python3.12/site-packages/pandas/_libs/tslibs/nattype.cpython-312-x86_64-linux-gnu.so
0x00007c347ce3eb00  0x00007c347ce95b98  Yes (*)     /sdk-extensions/model-compiler/lib/python3.12/site-packages/pandas/_libs/tslibs/timedeltas.cpython-312-x86_64-linux-gnu.so
0x00007c347ce107a0  0x00007c347ce2e1f5  Yes (*)     /sdk-extensions/model-compiler/lib/python3.12/site-packages/pandas/_libs/tslibs/timezones.cpython-312-x86_64-linux-gnu.so
0x00007c3517c04700  0x00007c3517c0bea9  Yes (*)     /usr/lib/python3.12/lib-dynload/_zoneinfo.cpython-312-x86_64-linux-gnu.so
0x00007c347cdfa6c0  0x00007c347ce050be  Yes (*)     /sdk-extensions/model-compiler/lib/python3.12/site-packages/pandas/_libs/properties.cpython-312-x86_64-linux-gnu.so
0x00007c347cdc97e0  0x00007c347cdec013  Yes (*)     /sdk-extensions/model-compiler/lib/python3.12/site-packages/pandas/_libs/tslibs/fields.cpython-312-x86_64-linux-gnu.so
0x00007c347cd9b8c0  0x00007c347cdbbd8f  Yes (*)     /sdk-extensions/model-compiler/lib/python3.12/site-packages/pandas/_libs/tslibs/tzconversion.cpython-312-x86_64-linux-gnu.so
0x00007c347cd5fa80  0x00007c347cd8c6bc  Yes (*)     /sdk-extensions/model-compiler/lib/python3.12/site-packages/pandas/_libs/tslibs/parsing.cpython-312-x86_64-linux-gnu.so
0x00007c347cd2c9a0  0x00007c347cd5085b  Yes (*)     /sdk-extensions/model-compiler/lib/python3.12/site-packages/pandas/_libs/tslibs/strptime.cpython-312-x86_64-linux-gnu.so
0x00007c347ccd5a00  0x00007c347cd0f587  Yes (*)     /sdk-extensions/model-compiler/lib/python3.12/site-packages/pandas/_libs/tslibs/period.cpython-312-x86_64-linux-gnu.so
0x00007c347cbb66c0  0x00007c347cbc7cc9  Yes (*)     /sdk-extensions/model-compiler/lib/python3.12/site-packages/pandas/_libs/tslibs/vectorized.cpython-312-x86_64-linux-gnu.so
0x00007c34c8c43640  0x00007c34c8c4a5f0  Yes (*)     /sdk-extensions/model-compiler/lib/python3.12/site-packages/pandas/_libs/ops_dispatch.cpython-312-x86_64-linux-gnu.so
0x00007c347c9dc980  0x00007c347cb8ef42  Yes (*)     /sdk-extensions/model-compiler/lib/python3.12/site-packages/pandas/_libs/algos.cpython-312-x86_64-linux-gnu.so
0x00007c347c941bc0  0x00007c347c9b7ffc  Yes (*)     /sdk-extensions/model-compiler/lib/python3.12/site-packages/pandas/_libs/lib.cpython-312-x86_64-linux-gnu.so
0x00007c347c7550c0  0x00007c347c7f9930  Yes (*)     /sdk-extensions/model-compiler/lib/python3.12/site-packages/pyarrow/_compute.cpython-312-x86_64-linux-gnu.so
0x00007c347c61d720  0x00007c347c6315b9  Yes (*)     /sdk-extensions/model-compiler/lib/python3.12/site-packages/pandas/_libs/ops.cpython-312-x86_64-linux-gnu.so
0x00007c347c509720  0x00007c347c512f6b  Yes (*)     /sdk-extensions/model-compiler/lib/python3.12/site-packages/pandas/_libs/hashing.cpython-312-x86_64-linux-gnu.so
0x00007c347c4ec7a0  0x00007c347c4fdfeb  Yes (*)     /sdk-extensions/model-compiler/lib/python3.12/site-packages/pandas/_libs/arrays.cpython-312-x86_64-linux-gnu.so
0x00007c347c3c8800  0x00007c347c3df219  Yes (*)     /sdk-extensions/model-compiler/lib/python3.12/site-packages/pandas/_libs/tslib.cpython-312-x86_64-linux-gnu.so
0x00007c347c30d880  0x00007c347c3b5cd9  Yes (*)     /sdk-extensions/model-compiler/lib/python3.12/site-packages/pandas/_libs/sparse.cpython-312-x86_64-linux-gnu.so
0x00007c347c2c89c0  0x00007c347c2f9448  Yes (*)     /sdk-extensions/model-compiler/lib/python3.12/site-packages/pandas/_libs/internals.cpython-312-x86_64-linux-gnu.so
0x00007c347c1b66a0  0x00007c347c1bd947  Yes (*)     /sdk-extensions/model-compiler/lib/python3.12/site-packages/pandas/_libs/indexing.cpython-312-x86_64-linux-gnu.so
0x00007c347c10da00  0x00007c347c1947d7  Yes (*)     /sdk-extensions/model-compiler/lib/python3.12/site-packages/pandas/_libs/index.cpython-312-x86_64-linux-gnu.so
0x00007c347c0ed7a0  0x00007c347c0faea3  Yes (*)     /sdk-extensions/model-compiler/lib/python3.12/site-packages/pandas/_libs/writers.cpython-312-x86_64-linux-gnu.so
0x00007c3477ef8840  0x00007c3477fefffd  Yes (*)     /sdk-extensions/model-compiler/lib/python3.12/site-packages/pandas/_libs/join.cpython-312-x86_64-linux-gnu.so
0x00007c347c087bc0  0x00007c347c0d970a  Yes (*)     /sdk-extensions/model-compiler/lib/python3.12/site-packages/pandas/_libs/window/aggregations.cpython-312-x86_64-linux-gnu.so
0x00007c347c0539c0  0x00007c347c075cf1  Yes (*)     /sdk-extensions/model-compiler/lib/python3.12/site-packages/pandas/_libs/window/indexers.cpython-312-x86_64-linux-gnu.so
0x00007c347c02a780  0x00007c347c045003  Yes (*)     /sdk-extensions/model-compiler/lib/python3.12/site-packages/pandas/_libs/reshape.cpython-312-x86_64-linux-gnu.so
0x00007c34779d4a00  0x00007c3477bd010a  Yes (*)     /sdk-extensions/model-compiler/lib/python3.12/site-packages/pandas/_libs/groupby.cpython-312-x86_64-linux-gnu.so
0x00007c347c017480  0x00007c347c01fc7a  Yes (*)     /sdk-extensions/model-compiler/lib/python3.12/site-packages/pandas/_libs/json.cpython-312-x86_64-linux-gnu.so
0x00007c347786acc0  0x00007c34778bd36f  Yes (*)     /sdk-extensions/model-compiler/lib/python3.12/site-packages/pandas/_libs/parsers.cpython-312-x86_64-linux-gnu.so
0x00007c347774c7a0  0x00007c347775d823  Yes (*)     /sdk-extensions/model-compiler/lib/python3.12/site-packages/pandas/_libs/testing.cpython-312-x86_64-linux-gnu.so
0x00007c34736de900  0x00007c34767feafa  Yes (*)     /sdk-extensions/model-compiler/lib/python3.12/site-packages/cv2/cv2.abi3.so
0x00007c34734be910  0x00007c34734e034a  Yes         /sdk-extensions/model-compiler/lib/python3.12/site-packages/cv2/../opencv_python.libs/libpng16-ef62451c.so.16.44.0
0x00007c347226e5c0  0x00007c3472b8e22e  Yes (*)     /sdk-extensions/model-compiler/lib/python3.12/site-packages/cv2/../opencv_python.libs/libavcodec-76c43bf0.so.59.37.100
0x00007c3471fd5f40  0x00007c347215d92c  Yes (*)     /sdk-extensions/model-compiler/lib/python3.12/site-packages/cv2/../opencv_python.libs/libavformat-d296e685.so.59.27.100
0x00007c3471dcf540  0x00007c3471e5e3bb  Yes (*)     /sdk-extensions/model-compiler/lib/python3.12/site-packages/cv2/../opencv_python.libs/libavutil-734d06dd.so.57.28.100
0x00007c3471d1f300  0x00007c3471d9f28b  Yes (*)     /sdk-extensions/model-compiler/lib/python3.12/site-packages/cv2/../opencv_python.libs/libswscale-95ddd674.so.6.7.100
0x00007c347161fdb0  0x00007c347198cb5d  Yes (*)     /sdk-extensions/model-compiler/lib/python3.12/site-packages/cv2/../opencv_python.libs/libQt5Widgets-cd430389.so.5.15.16
0x00007c3470c722b0  0x00007c34711a51ba  Yes (*)     /sdk-extensions/model-compiler/lib/python3.12/site-packages/cv2/../opencv_python.libs/libQt5Gui-1ce8cbfe.so.5.15.16
0x00007c3470b114b0  0x00007c3470b38eee  Yes (*)     /sdk-extensions/model-compiler/lib/python3.12/site-packages/cv2/../opencv_python.libs/libQt5Test-9ac3ed15.so.5.15.16
0x00007c3470495160  0x00007c34707e2a9d  Yes (*)     /sdk-extensions/model-compiler/lib/python3.12/site-packages/cv2/../opencv_python.libs/libQt5Core-e7f476e2.so.5.15.16
0x00007c346df18000  0x00007c346ffb55c1  Yes (*)     /sdk-extensions/model-compiler/lib/python3.12/site-packages/cv2/../opencv_python.libs/libopenblas-r0-f650aae0.3.3.so
0x00007c34703c72a0  0x00007c34703daadc  Yes (*)     /sdk-extensions/model-compiler/lib/python3.12/site-packages/cv2/../opencv_python.libs/libswresample-3e7db482.so.4.7.100
0x00007c346dad5390  0x00007c346dda3a91  Yes (*)     /sdk-extensions/model-compiler/lib/python3.12/site-packages/cv2/../opencv_python.libs/libvpx-9f572e11.so.9.1.0
0x00007c346da4dbc0  0x00007c346da9b946  Yes (*)     /sdk-extensions/model-compiler/lib/python3.12/site-packages/cv2/../opencv_python.libs/libssl-28bef1ac.so.1.1
0x00007c346d7a6000  0x00007c346d94f4fa  Yes (*)     /sdk-extensions/model-compiler/lib/python3.12/site-packages/cv2/../opencv_python.libs/libcrypto-8c1ab3ad.so.1.1
0x00007c346d6ea1e0  0x00007c346d6ed081  Yes (*)     /lib/x86_64-linux-gnu/libGL.so.1
0x00007c3531c02080  0x00007c3531c021bd  Yes (*)     /lib/x86_64-linux-gnu/libgthread-2.0.so.0
0x00007c346d57de90  0x00007c346d61b5c2  Yes (*)     /lib/x86_64-linux-gnu/libglib-2.0.so.0
0x00007c346d218e10  0x00007c346d2fee6f  Yes (*)     /sdk-extensions/model-compiler/lib/python3.12/site-packages/cv2/../opencv_python.libs/libgfortran-91cc3cb1.so.3.0.0
0x00007c346d1892c0  0x00007c346d18b42f  Yes (*)     /lib/x86_64-linux-gnu/libGLdispatch.so.0
0x00007c3470394700  0x00007c34703ae371  Yes (*)     /lib/x86_64-linux-gnu/libGLX.so.0
0x00007c346d0b0300  0x00007c346d11d270  Yes (*)     /lib/x86_64-linux-gnu/libpcre2-8.so.0
0x00007c346cf8b100  0x00007c346d019fde  Yes (*)     /lib/x86_64-linux-gnu/libX11.so.6
0x00007c346d540660  0x00007c346d552ebe  Yes (*)     /lib/x86_64-linux-gnu/libxcb.so.1
0x00007c3515205360  0x00007c3515206042  Yes (*)     /lib/x86_64-linux-gnu/libXau.so.6
0x00007c347c00e1a0  0x00007c347c00fa89  Yes (*)     /lib/x86_64-linux-gnu/libXdmcp.so.6
0x00007c346cf5fde0  0x00007c346cf6a4f6  Yes (*)     /lib/x86_64-linux-gnu/libbsd.so.0
0x00007c346cf4e160  0x00007c346cf56a7a  Yes (*)     /lib/x86_64-linux-gnu/libmd.so.0
0x00007c346ce23ed0  0x00007c346ce3f739  Yes (*)     /sdk-extensions/model-compiler/lib/python3.12/site-packages/matplotlib/_c_internal_utils.cpython-312-x86_64-linux-gnu.so
0x00007c346ccbd0c0  0x00007c346cd006c9  Yes (*)     /sdk-extensions/model-compiler/lib/python3.12/site-packages/matplotlib/_path.cpython-312-x86_64-linux-gnu.so
0x00007c346cb45170  0x00007c346cb97d7d  Yes (*)     /sdk-extensions/model-compiler/lib/python3.12/site-packages/matplotlib/_image.cpython-312-x86_64-linux-gnu.so
0x00007c346ca1f4f0  0x00007c346caeed7d  Yes (*)     /sdk-extensions/model-compiler/lib/python3.12/site-packages/matplotlib/ft2font.cpython-312-x86_64-linux-gnu.so
0x00007c346c9d8800  0x00007c346c9fb790  Yes         /sdk-extensions/model-compiler/lib/python3.12/site-packages/kiwisolver/_cext.cpython-312-x86_64-linux-gnu.so
0x00007c347c005440  0x00007c347c007f74  Yes (*)     /sdk-extensions/model-compiler/lib/python3.12/site-packages/sklearn/__check_build/_check_build.cpython-312-x86_64-linux-gnu.so
0x00007c346be57ed0  0x00007c346bf60262  Yes (*)     /sdk-extensions/model-compiler/lib/python3.12/site-packages/scipy/special/_ufuncs.cpython-312-x86_64-linux-gnu.so
0x00007c353f401050  0x00007c353f40112e  Yes (*)     /sdk-extensions/model-compiler/lib/python3.12/site-packages/scipy/special/libsf_error_state.so
0x00007c346bce5a40  0x00007c346be269f5  Yes (*)     /sdk-extensions/model-compiler/lib/python3.12/site-packages/scipy/special/_ufuncs_cxx.cpython-312-x86_64-linux-gnu.so
0x00007c346bc005d0  0x00007c346bcb2c42  Yes (*)     /sdk-extensions/model-compiler/lib/python3.12/site-packages/scipy/special/_special_ufuncs.cpython-312-x86_64-linux-gnu.so
0x00007c346bad03f0  0x00007c346baf53d2  Yes (*)     /sdk-extensions/model-compiler/lib/python3.12/site-packages/scipy/special/_gufuncs.cpython-312-x86_64-linux-gnu.so
0x00007c346ba9e700  0x00007c346bac4ff9  Yes (*)     /sdk-extensions/model-compiler/lib/python3.12/site-packages/scipy/special/_specfun.cpython-312-x86_64-linux-gnu.so
0x00007c346ba8f5b0  0x00007c346ba95a48  Yes (*)     /sdk-extensions/model-compiler/lib/python3.12/site-packages/scipy/special/_comb.cpython-312-x86_64-linux-gnu.so
0x00007c346ba6f6b0  0x00007c346ba8397a  Yes (*)     /sdk-extensions/model-compiler/lib/python3.12/site-packages/scipy/special/_ellip_harm_2.cpython-312-x86_64-linux-gnu.so
0x00007c346b9a0d90  0x00007c346ba4673a  Yes (*)     /sdk-extensions/model-compiler/lib/python3.12/site-packages/scipy/spatial/_ckdtree.cpython-312-x86_64-linux-gnu.so
0x00007c346b898cb0  0x00007c346b95aa3d  Yes (*)     /sdk-extensions/model-compiler/lib/python3.12/site-packages/scipy/spatial/_qhull.cpython-312-x86_64-linux-gnu.so
0x00007c346b881700  0x00007c346b88b335  Yes (*)     /sdk-extensions/model-compiler/lib/python3.12/site-packages/scipy/_lib/messagestream.cpython-312-x86_64-linux-gnu.so
0x00007c346b84e8f0  0x00007c346b871d08  Yes (*)     /sdk-extensions/model-compiler/lib/python3.12/site-packages/scipy/spatial/_voronoi.cpython-312-x86_64-linux-gnu.so
0x00007c346b8301c0  0x00007c346b84364d  Yes (*)     /sdk-extensions/model-compiler/lib/python3.12/site-packages/scipy/spatial/_distance_wrap.cpython-312-x86_64-linux-gnu.so
0x00007c346b7fc900  0x00007c346b82157a  Yes (*)     /sdk-extensions/model-compiler/lib/python3.12/site-packages/scipy/spatial/_hausdorff.cpython-312-x86_64-linux-gnu.so
0x00007c346b77cc30  0x00007c346b7e4aea  Yes (*)     /sdk-extensions/model-compiler/lib/python3.12/site-packages/scipy/spatial/_distance_pybind.cpython-312-x86_64-linux-gnu.so
0x00007c346b69bb70  0x00007c346b73d28f  Yes (*)     /sdk-extensions/model-compiler/lib/python3.12/site-packages/scipy/spatial/transform/_rotation.cpython-312-x86_64-linux-gnu.so
0x00007c346b5824e0  0x00007c346b58ebb9  Yes (*)     /sdk-extensions/model-compiler/lib/python3.12/site-packages/scipy/optimize/_group_columns.cpython-312-x86_64-linux-gnu.so
0x00007c346b52dae0  0x00007c346b56b878  Yes (*)     /sdk-extensions/model-compiler/lib/python3.12/site-packages/scipy/optimize/_trlib/_trlib.cpython-312-x86_64-linux-gnu.so
0x00007c346b4e2b10  0x00007c346b4f9142  Yes (*)     /sdk-extensions/model-compiler/lib/python3.12/site-packages/scipy/optimize/_lbfgsb.cpython-312-x86_64-linux-gnu.so
0x00007c346b4a0680  0x00007c346b4b9dc6  Yes (*)     /sdk-extensions/model-compiler/lib/python3.12/site-packages/scipy/optimize/_moduleTNC.cpython-312-x86_64-linux-gnu.so
0x00007c346b4884c0  0x00007c346b495492  Yes (*)     /sdk-extensions/model-compiler/lib/python3.12/site-packages/scipy/optimize/_cobyla.cpython-312-x86_64-linux-gnu.so
0x00007c346b4743c0  0x00007c346b4806d2  Yes (*)     /sdk-extensions/model-compiler/lib/python3.12/site-packages/scipy/optimize/_slsqp.cpython-312-x86_64-linux-gnu.so
0x00007c346b461270  0x00007c346b46dd31  Yes (*)     /sdk-extensions/model-compiler/lib/python3.12/site-packages/scipy/optimize/_minpack.cpython-312-x86_64-linux-gnu.so
0x00007c346b4338f0  0x00007c346b454ef4  Yes (*)     /sdk-extensions/model-compiler/lib/python3.12/site-packages/scipy/optimize/_lsq/givens_elimination.cpython-312-x86_64-linux-gnu.so
0x00007c3510801130  0x00007c35108025b4  Yes (*)     /sdk-extensions/model-compiler/lib/python3.12/site-packages/scipy/optimize/_zeros.cpython-312-x86_64-linux-gnu.so
0x00007c346afc2450  0x00007c346b2b7c42  Yes (*)     /sdk-extensions/model-compiler/lib/python3.12/site-packages/scipy/optimize/_highs/_highs_wrapper.cpython-312-x86_64-linux-gnu.so
0x00007c346afad380  0x00007c346afb0040  Yes (*)     /sdk-extensions/model-compiler/lib/python3.12/site-packages/scipy/optimize/_highs/_highs_constants.cpython-312-x86_64-linux-gnu.so
0x00007c34cda86bb0  0x00007c34cdac9e22  Yes (*)     /sdk-extensions/model-compiler/lib/python3.12/site-packages/scipy/linalg/_interpolative.cpython-312-x86_64-linux-gnu.so
0x00007c34cda18960  0x00007c34cda505bc  Yes (*)     /sdk-extensions/model-compiler/lib/python3.12/site-packages/scipy/optimize/_bglu_dense.cpython-312-x86_64-linux-gnu.so
0x00007c34cda0c1a0  0x00007c34cda0dcd5  Yes (*)     /sdk-extensions/model-compiler/lib/python3.12/site-packages/scipy/optimize/_lsap.cpython-312-x86_64-linux-gnu.so
0x00007c34cd9e7b30  0x00007c34cd9ffeaa  Yes (*)     /sdk-extensions/model-compiler/lib/python3.12/site-packages/scipy/optimize/_pava_pybind.cpython-312-x86_64-linux-gnu.so
0x00007c34cd9d81f0  0x00007c34cd9ddfcd  Yes (*)     /sdk-extensions/model-compiler/lib/python3.12/site-packages/scipy/optimize/_direct.cpython-312-x86_64-linux-gnu.so
0x00007c34cd99b8f0  0x00007c34cd9ac495  Yes (*)     /sdk-extensions/model-compiler/lib/python3.12/site-packages/scipy/integrate/_odepack.cpython-312-x86_64-linux-gnu.so
0x00007c34cd9369c0  0x00007c34cd94f735  Yes (*)     /sdk-extensions/model-compiler/lib/python3.12/site-packages/scipy/integrate/_quadpack.cpython-312-x86_64-linux-gnu.so
0x00007c34cd8c7b70  0x00007c34cd8e5f92  Yes (*)     /sdk-extensions/model-compiler/lib/python3.12/site-packages/scipy/integrate/_vode.cpython-312-x86_64-linux-gnu.so
0x00007c34cd88d4e0  0x00007c34cd89af62  Yes (*)     /sdk-extensions/model-compiler/lib/python3.12/site-packages/scipy/integrate/_dop.cpython-312-x86_64-linux-gnu.so
0x00007c34cd847b70  0x00007c34cd85b402  Yes (*)     /sdk-extensions/model-compiler/lib/python3.12/site-packages/scipy/integrate/_lsoda.cpython-312-x86_64-linux-gnu.so
0x00007c34cd80f220  0x00007c34cd81e3e4  Yes (*)     /sdk-extensions/model-compiler/lib/python3.12/site-packages/scipy/interpolate/_fitpack.cpython-312-x86_64-linux-gnu.so
0x00007c34cd7bf500  0x00007c34cd7f4d22  Yes (*)     /sdk-extensions/model-compiler/lib/python3.12/site-packages/scipy/interpolate/_dfitpack.cpython-312-x86_64-linux-gnu.so
0x00007c346a5cfaa0  0x00007c346a63f7e1  Yes (*)     /sdk-extensions/model-compiler/lib/python3.12/site-packages/scipy/interpolate/_bspl.cpython-312-x86_64-linux-gnu.so
0x00007c346a566a00  0x00007c346a5b9f5f  Yes (*)     /sdk-extensions/model-compiler/lib/python3.12/site-packages/scipy/interpolate/_ppoly.cpython-312-x86_64-linux-gnu.so
0x00007c346a504ae0  0x00007c346a55021c  Yes (*)     /sdk-extensions/model-compiler/lib/python3.12/site-packages/scipy/interpolate/interpnd.cpython-312-x86_64-linux-gnu.so
0x00007c34cd7885a0  0x00007c34cd7b23d9  Yes (*)     /sdk-extensions/model-compiler/lib/python3.12/site-packages/scipy/interpolate/_rbfinterp_pythran.cpython-312-x86_64-linux-gnu.so
0x00007c346a4c19a0  0x00007c346a4f046a  Yes (*)     /sdk-extensions/model-compiler/lib/python3.12/site-packages/scipy/interpolate/_rgi_cython.cpython-312-x86_64-linux-gnu.so
0x00007c346a41bb00  0x00007c346a4a7ffc  Yes (*)     /sdk-extensions/model-compiler/lib/python3.12/site-packages/scipy/stats/_stats.cpython-312-x86_64-linux-gnu.so
0x00007c346a130ee0  0x00007c346a3c5772  Yes (*)     /sdk-extensions/model-compiler/lib/python3.12/site-packages/scipy/special/cython_special.cpython-312-x86_64-linux-gnu.so
0x00007c3469fe59e0  0x00007c346a00ec3a  Yes (*)     /sdk-extensions/model-compiler/lib/python3.12/site-packages/scipy/stats/_biasedurn.cpython-312-x86_64-linux-gnu.so
0x00007c34cd779610  0x00007c34cd77f5b5  Yes (*)     /sdk-extensions/model-compiler/lib/python3.12/site-packages/scipy/stats/_levy_stable/levyst.cpython-312-x86_64-linux-gnu.so
0x00007c3469ec3540  0x00007c3469ed8239  Yes (*)     /sdk-extensions/model-compiler/lib/python3.12/site-packages/scipy/stats/_stats_pythran.cpython-312-x86_64-linux-gnu.so
0x00007c3469ea66d0  0x00007c3469eb7dea  Yes (*)     /sdk-extensions/model-compiler/lib/python3.12/site-packages/scipy/_lib/_uarray/_uarray.cpython-312-x86_64-linux-gnu.so
0x00007c3469da9cb0  0x00007c3469e821ec  Yes (*)     /sdk-extensions/model-compiler/lib/python3.12/site-packages/scipy/fft/_pocketfft/pypocketfft.cpython-312-x86_64-linux-gnu.so
0x00007c3469c6a9b0  0x00007c3469c953e9  Yes (*)     /sdk-extensions/model-compiler/lib/python3.12/site-packages/scipy/stats/_ansari_swilk_statistics.cpython-312-x86_64-linux-gnu.so
0x00007c3469c139a0  0x00007c3469c56c1f  Yes (*)     /sdk-extensions/model-compiler/lib/python3.12/site-packages/scipy/stats/_sobol.cpython-312-x86_64-linux-gnu.so
0x00007c3469bd6a10  0x00007c3469c003b4  Yes (*)     /sdk-extensions/model-compiler/lib/python3.12/site-packages/scipy/stats/_qmc_cy.cpython-312-x86_64-linux-gnu.so
0x00007c3469ac7420  0x00007c3469acf942  Yes (*)     /sdk-extensions/model-compiler/lib/python3.12/site-packages/scipy/stats/_mvn.cpython-312-x86_64-linux-gnu.so
0x00007c3469a91930  0x00007c3469ab6ee9  Yes (*)     /sdk-extensions/model-compiler/lib/python3.12/site-packages/scipy/stats/_rcont/rcont.cpython-312-x86_64-linux-gnu.so
0x00007c3469839db0  0x00007c3469947e41  Yes (*)     /sdk-extensions/model-compiler/lib/python3.12/site-packages/scipy/stats/_unuran/unuran_wrapper.cpython-312-x86_64-linux-gnu.so
0x00007c3469810360  0x00007c346982a799  Yes (*)     /sdk-extensions/model-compiler/lib/python3.12/site-packages/scipy/ndimage/_nd_image.cpython-312-x86_64-linux-gnu.so
0x00007c34697b09d0  0x00007c34697ff1bd  Yes (*)     /sdk-extensions/model-compiler/lib/python3.12/site-packages/scipy/ndimage/_ni_label.cpython-312-x86_64-linux-gnu.so
0x00007c346976d9e0  0x00007c346979d904  Yes (*)     /sdk-extensions/model-compiler/lib/python3.12/site-packages/sklearn/utils/_isfinite.cpython-312-x86_64-linux-gnu.so
0x00007c34696a09f0  0x00007c34697550cb  Yes (*)     /sdk-extensions/model-compiler/lib/python3.12/site-packages/sklearn/utils/sparsefuncs_fast.cpython-312-x86_64-linux-gnu.so
0x00007c3469664910  0x00007c346968ca18  Yes (*)     /sdk-extensions/model-compiler/lib/python3.12/site-packages/sklearn/utils/murmurhash.cpython-312-x86_64-linux-gnu.so
0x00007c34696505d0  0x00007c346965742d  Yes (*)     /sdk-extensions/model-compiler/lib/python3.12/site-packages/sklearn/utils/_openmp_helpers.cpython-312-x86_64-linux-gnu.so
0x00007c3469407060  0x00007c346941dc2a  Yes (*)     /sdk-extensions/model-compiler/lib/python3.12/site-packages/sklearn/utils/../../scikit_learn.libs/libgomp-a34b3233.so.1.0.0
0x00007c34cd76fa40  0x00007c34cd771a80  Yes (*)     /usr/lib/python3.12/lib-dynload/readline.cpython-312-x86_64-linux-gnu.so
0x00007c34692c0d40  0x00007c34692ed060  Yes (*)     /lib/x86_64-linux-gnu/libreadline.so.8
0x00007c3469285840  0x00007c3469297b68  Yes (*)     /lib/x86_64-linux-gnu/libtinfo.so.6
0x00007c34665a6840  0x00007c3468863f36  Yes (*)     /sdk-extensions/model-compiler/lib/python3.12/site-packages/tvm/libtvm.so
0x00007c345eed2480  0x00007c346254d2a2  Yes (*)     /lib/x86_64-linux-gnu/libLLVM.so.18.1
0x00007c345c030000  0x00007c345e1b5d60  Yes (*)     /lib/x86_64-linux-gnu/libopenblas.so.0
0x00007c345beb7050  0x00007c345bed4cd0  Yes (*)     /lib/x86_64-linux-gnu/libedit.so.2
0x00007c345bdf8400  0x00007c345be9e7b2  Yes (*)     /lib/x86_64-linux-gnu/libzstd.so.1
0x00007c345bc41e70  0x00007c345bda6d0e  Yes (*)     /lib/x86_64-linux-gnu/libxml2.so.2
0x00007c345b915300  0x00007c345bbe5518  Yes (*)     /lib/x86_64-linux-gnu/libgfortran.so.5
0x00007c345b74f940  0x00007c345b853bea  Yes (*)     /lib/x86_64-linux-gnu/libicuuc.so.74
0x00007c3459988040  0x00007c34599880f9  Yes (*)     /lib/x86_64-linux-gnu/libicudata.so.74
0x00007c3458830b20  0x00007c34588755c7  Yes         /sdk-extensions/model-compiler/lib/python3.12/site-packages/yaml/_yaml.cpython-312-x86_64-linux-gnu.so
0x00007c33b5855660  0x00007c33b5b9ee1c  Yes (*)     /sdk-extensions/model-compiler/lib/python3.12/site-packages/ml_kernels.cpython-312-x86_64-linux-gnu.so
0x00007c3469644340  0x00007c3469648a36  Yes         /sdk-extensions/model-compiler/lib/python3.12/site-packages/ml_kernels/np_operators_helpers.cpython-312-x86_64-linux-gnu.so
0x00007c33b36447a0  0x00007c33b54d92c1  Yes (*)     /sdk-extensions/model-compiler/lib/python3.12/site-packages/mlc.cpython-312-x86_64-linux-gnu.so
0x00007c34588104c0  0x00007c345881f6ce  Yes         /sdk-extensions/model-compiler/lib/python3.12/site-packages/bitarray/_bitarray.cpython-312-x86_64-linux-gnu.so
0x00007c3469632300  0x00007c346963bede  Yes         /sdk-extensions/model-compiler/lib/python3.12/site-packages/bitarray/_util.cpython-312-x86_64-linux-gnu.so
0x00007c344fef6640  0x00007c344fefac0a  Yes         /sdk-extensions/model-compiler/lib/python3.12/site-packages/lib_mla_compress.cpython-312-x86_64-linux-gnu.so
0x00007c344fec2cc0  0x00007c344fee3a5c  Yes (*)     /sdk-extensions/model-compiler/lib/python3.12/site-packages/jaxlib/mlir/_mlir_libs/_mlirHlo.so
0x00007c344fe0a4e0  0x00007c344fe92c69  Yes (*)     /sdk-extensions/model-compiler/lib/python3.12/site-packages/ev_transforms.cpython-312-x86_64-linux-gnu.so
0x00007c32a2c35a80  0x00007c32a3c0b0c3  Yes (*)     /sdk-extensions/model-compiler/lib/python3.12/site-packages/onnxruntime/capi/onnxruntime_pybind11_state.cpython-312-x86_64-linux-gnu.so
0x00007c350d418050  0x00007c350d41812c  Yes (*)     /sdk-extensions/model-compiler/lib/python3.12/site-packages/onnxruntime/capi/libonnxruntime_providers_shared.so
0x00007c32a273d780  0x00007c32a2a64c29  Yes (*)     /sdk-extensions/model-compiler/lib/python3.12/site-packages/onnx/onnx_cpp2py_export.cpython-312-x86_64-linux-gnu.so
(*): Shared library is missing debugging information.
